DEPTO,DOMINIO,AREA,UPM,NO_HOGAR,FACTOR,POBREZA,EMIGRACION_ID,OCC,P01I02,P01I03,P01I04,P01I05
1,1,1,2233,319,900,3,37,37,2,41,2018,3001
1,1,1,2924,430,848,3,397,20,1,25,2020,3013
1,3,2,3686,544,1304,3,192,68,1,28,2022,3001
1,1,1,3780,572,654,3,421,44,2,33,2021,3001
1,1,1,3780,568,654,3,170,46,1,19,2021,3001
1,1,1,4723,748,729,3,277,15,1,23,2018,3001
1,3,2,5203,830,1023,3,200,5,1,25,2023,3001
2,3,2,5537,969,172,3,233,38,1,21,2019,3001
2,3,2,5537,969,172,3,234,39,1,20,2021,3001
2,3,2,5537,968,172,3,109,59,1,29,2021,3002
2,3,2,5537,971,172,3,403,26,1,21,2019,3002
2,2,1,5574,1018,116,3,14,14,2,30,2022,3001
2,2,1,5574,1020,116,3,328,4,1,25,2019,3002
2,2,1,5574,1020,116,3,329,5,1,34,2021,3002
2,3,2,5620,1103,119,3,395,18,1,16,2019,3001
2,3,2,5620,1103,119,3,396,19,1,16,2019,3001
2,3,2,5620,1096,119,3,203,8,2,20,2020,3001
2,3,2,5620,1102,119,3,393,16,1,19,2018,3001
2,3,2,5620,1102,119,3,394,17,1,27,2023,3001
2,2,1,5643,1132,112,3,6,6,1,39,2018,3001
2,2,1,5643,1132,112,3,7,7,1,22,2021,3001
2,2,1,5643,1132,112,3,8,8,1,16,2022,3001
2,2,1,5643,1136,112,2,311,49,1,28,2022,3001
2,2,1,5680,1184,135,2,5,5,1,25,2018,3002
2,2,1,5693,1208,77,3,36,36,2,24,2020,3001
2,3,2,5705,1239,39,3,313,51,1,23,2018,3001
2,3,2,5705,1239,39,3,314,52,1,30,2023,3001
2,2,1,5781,1341,167,3,413,36,1,25,2021,3001
2,2,1,5781,1341,167,3,414,37,2,16,2021,3001
2,2,1,5781,1341,167,3,415,38,2,7,,3001
2,2,1,5781,1337,167,3,155,31,1,26,,4015
2,2,1,5781,1337,167,3,156,32,1,42,2022,4015
2,3,2,5815,1396,127,2,376,52,1,28,2023,3001
3,2,1,5901,1480,192,3,332,8,2,37,2019,4015
3,3,2,6023,1633,168,3,261,66,1,35,2022,3001
3,3,2,6096,1726,146,3,366,42,2,9,2018,3001
4,2,1,6433,2108,307,3,280,18,1,37,2021,3001
4,2,1,6517,2162,258,2,383,6,1,46,2020,3001
4,2,1,6517,2158,258,2,35,35,1,28,2022,3001
4,2,1,6582,2198,247,3,125,1,1,35,2023,3001
4,3,2,6593,2207,254,3,364,40,1,19,2019,3001
4,3,2,6646,2239,290,3,162,38,1,17,,3001
4,3,2,6737,2286,377,3,342,18,1,19,2019,3001
4,3,2,6795,2312,276,3,369,45,1,32,2021,3001
4,2,1,6809,2326,353,2,316,54,1,27,2022,3002
4,2,1,6809,2321,353,2,22,22,1,41,2022,3002
4,3,2,6876,2366,439,2,195,71,1,23,2020,3001
4,3,2,6951,2411,258,3,169,45,1,30,,3002
4,3,2,6951,2413,258,3,363,39,1,38,2023,3002
4,3,2,6951,2414,258,3,372,48,1,28,2023,3001
4,2,1,7128,2502,1537,3,239,44,2,18,,4015
4,2,1,7201,2544,181,3,333,9,2,43,2022,4015
5,2,1,7542,2717,221,3,163,39,1,22,2022,3001
5,2,1,7702,2805,236,2,381,4,1,30,2022,3001
5,3,2,7860,2889,272,3,185,61,1,21,2022,3001
5,3,2,7950,2944,377,3,255,60,2,24,2021,3001
5,2,1,8104,3008,530,3,262,67,1,38,2021,3001
5,2,1,8461,3187,213,3,424,47,1,18,,3001
5,3,2,8475,3197,231,3,371,47,1,36,2021,3001
5,2,1,8535,3233,391,3,268,6,1,14,,3001
5,2,1,8535,3233,391,3,269,7,2,17,2019,3001
6,3,2,8957,3482,125,3,322,60,1,22,2022,3001
6,3,2,8957,3482,125,3,323,61,2,26,2022,3001
6,3,2,9009,3515,423,2,86,36,1,20,,3001
6,3,2,9009,3515,423,2,87,37,1,18,,3001
6,3,2,9009,3515,423,2,88,38,1,40,,3001
7,2,1,9525,3798,402,3,355,31,1,24,,3001
7,2,1,9525,3798,402,3,356,32,1,5,2018,3001
7,3,2,9541,3800,517,2,154,30,1,34,2019,3001
7,3,2,9657,3854,285,3,253,58,1,14,2018,3001
7,3,2,9657,3854,285,3,254,59,1,17,2019,3001
7,3,2,9657,3853,285,2,252,57,1,27,2021,3001
7,2,1,9713,3898,322,3,283,21,1,32,2021,3001
7,2,1,9713,3899,322,2,288,26,1,24,2019,3001
7,2,1,9713,3899,322,2,289,27,1,30,2023,3001
8,2,1,10002,4081,280,2,188,64,2,27,2022,3001
8,2,1,10002,4081,280,2,189,65,1,26,2021,3001
8,2,1,10002,4086,280,2,386,9,1,27,2019,3001
8,3,2,10585,4366,258,3,137,13,1,12,,3003
8,3,2,10585,4366,258,3,138,14,1,11,,3003
8,3,2,10585,4366,258,3,139,15,1,15,,3003
8,3,2,10657,4396,313,2,272,10,2,27,2022,3001
9,2,1,10952,4510,375,3,158,34,1,17,2022,3001
9,2,1,10952,4510,375,3,159,35,2,14,2022,3001
9,2,1,11012,4533,442,2,112,62,1,25,2018,3001
9,2,1,11012,4533,442,2,113,63,1,22,2018,3001
9,2,1,11012,4533,442,2,114,64,1,18,2020,3001
9,2,1,11196,4601,470,3,367,43,1,20,2018,3001
9,2,1,11337,4645,309,3,299,37,1,15,2022,3001
9,3,2,11395,4661,181,2,183,59,1,17,,3001
9,3,2,11395,4663,181,3,278,16,1,15,2019,3001
9,3,2,11395,4663,181,3,279,17,1,14,2020,3001
9,3,2,11679,4764,375,2,186,62,1,28,2021,3001
9,2,1,11811,4806,305,2,226,31,1,28,2018,3001
9,3,2,11904,4856,628,3,20,20,2,30,2019,3001
9,3,2,11904,4856,628,3,21,21,2,21,2018,3001
9,3,2,11980,4889,731,3,107,57,1,23,2021,3001
9,3,2,11980,4889,731,3,108,58,1,23,2021,3001
9,3,2,11980,4890,731,3,212,17,1,16,,3001
9,3,2,11980,4890,731,3,213,18,1,19,2019,3001
9,3,2,11980,4890,731,3,214,19,1,25,2020,3001
9,3,2,11980,4890,731,3,215,20,1,18,2021,3001
9,3,2,11980,4890,731,3,216,21,1,18,2023,3001
9,2,1,12049,4918,343,3,30,30,1,18,,3001
9,2,1,12049,4918,343,3,31,31,2,24,2022,3001
10,2,1,12249,5019,250,3,100,50,1,59,,3001
10,2,1,12249,5019,250,3,101,51,1,13,,4015
10,2,1,12249,5021,250,2,102,52,1,21,,3001
10,2,1,12249,5018,250,3,49,49,1,16,2020,3001
10,2,1,12384,5082,255,3,305,43,2,31,2022,3001
10,3,2,12448,5122,399,3,384,7,1,40,2021,3001
10,3,2,12644,5231,317,2,83,33,1,18,2021,3001
10,3,2,12644,5235,317,3,310,48,1,23,2018,3001
10,3,2,12771,5303,373,3,293,31,1,17,2021,3001
10,3,2,12771,5303,373,3,294,32,1,16,2021,3001
10,3,2,12771,5300,373,3,197,2,2,28,2019,3001
10,3,2,12840,5342,338,3,378,1,2,25,2019,4015
10,3,2,12840,5342,338,3,379,2,2,22,2022,4015
10,3,2,12939,5404,374,2,54,4,1,19,2022,3001
11,2,1,13179,5606,373,3,325,1,1,26,2020,3001
11,2,1,13294,5692,260,2,340,16,1,41,,3001
11,2,1,13294,5694,260,2,350,26,1,27,2022,3001
11,2,1,13425,5791,179,3,78,28,2,32,2022,3007
12,2,1,13543,5895,1042,3,32,32,1,21,2019,3001
12,2,1,13543,5895,1042,3,33,33,2,21,2022,3001
12,2,1,13543,5895,1042,3,34,34,1,20,2022,3001
12,2,1,13699,5923,349,2,301,39,1,17,2021,3001
12,3,2,13783,5946,372,3,296,34,1,15,2018,3001
12,3,2,13783,5946,372,3,297,35,1,22,2022,3001
12,3,2,13783,5946,372,3,298,36,1,3,2022,3001
12,3,2,13783,5948,372,3,430,53,1,16,2022,3001
12,3,2,13783,5942,372,3,193,69,1,16,,3001
12,3,2,13783,5942,372,3,194,70,1,16,,3001
12,3,2,13783,5944,372,3,292,30,1,16,2021,3001
12,3,2,13938,5982,512,3,223,28,1,16,2023,3001
12,3,2,13938,5982,512,3,224,29,2,16,2022,3001
12,3,2,13938,5978,512,3,12,12,1,34,2022,3001
12,3,2,14320,6061,417,2,273,11,1,28,2018,3001
12,3,2,14320,6057,417,2,73,23,1,22,2022,3001
12,3,2,14320,6064,417,3,291,29,1,20,,3001
12,3,2,14320,6060,417,2,184,60,1,17,2022,3001
12,3,2,14441,6095,464,3,417,40,1,20,,3001
12,3,2,14441,6095,464,3,418,41,2,21,2019,3001
12,3,2,14441,6095,464,3,419,42,1,20,2019,3001
12,3,2,14441,6094,464,2,359,35,2,22,2019,3001
12,3,2,14441,6094,464,2,360,36,1,20,2019,3001
12,3,2,14441,6094,464,2,361,37,1,2,2019,3001
12,3,2,14704,6157,804,3,38,38,1,21,2022,3001
12,3,2,14704,6157,804,3,39,39,1,27,2020,3001
12,3,2,15019,6215,1437,3,124,74,1,16,2021,3001
13,3,2,15701,6378,831,1,180,56,1,17,2022,3001
13,3,2,15835,6411,573,1,373,49,1,26,2021,3001
13,3,2,15835,6407,573,2,167,43,2,16,2020,3001
13,3,2,15835,6407,573,2,168,44,2,17,2021,3001
13,3,2,15976,6439,801,2,334,10,1,42,2018,3001
13,3,2,15976,6443,801,2,346,22,1,25,,3001
13,2,1,16050,6537,696,2,248,53,1,16,2019,3001
13,3,2,16935,6638,1642,2,374,50,1,28,2018,3001
13,3,2,17243,6713,504,2,309,47,1,17,2021,3001
13,3,2,17243,6707,504,1,82,32,1,15,2023,3001
13,3,2,17243,6706,504,2,77,27,1,33,2018,3001
13,3,2,17243,6714,504,3,428,51,1,40,2023,3003
13,3,2,17243,6714,504,3,429,52,1,15,2023,3003
14,2,1,17426,6764,450,3,198,3,2,42,2023,3001
14,3,2,17744,6848,673,3,92,42,2,18,2023,3001
14,3,2,17744,6852,673,2,431,54,1,21,2020,3001
14,3,2,17744,6852,673,2,432,55,1,18,2023,3001
14,3,2,17843,6887,495,3,286,24,1,19,,3001
14,3,2,17843,6887,495,3,287,25,1,20,,3001
14,3,2,17843,6891,495,2,303,41,1,17,2021,3001
14,3,2,17843,6891,495,2,304,42,1,17,2022,3001
14,2,1,18022,6937,1529,2,177,53,1,25,2019,3001
14,2,1,18022,6937,1529,2,178,54,1,15,,3001
14,2,1,18022,6938,1529,3,266,4,1,25,2018,3001
14,2,1,18022,6938,1529,3,267,5,1,18,2019,3001
14,2,1,18084,6963,1053,2,377,53,1,26,2023,3001
14,3,2,18227,6997,613,2,136,12,1,48,2021,3001
14,3,2,18227,6998,613,3,153,29,1,30,2019,3001
14,3,2,18345,7039,1073,2,59,9,1,18,,3001
14,3,2,18345,7039,1073,2,60,10,2,43,,3001
14,3,2,18573,7097,613,3,130,6,1,25,2022,3001
14,3,2,18573,7098,613,2,131,7,1,29,2019,3001
14,3,2,18573,7098,613,2,132,8,1,9,2019,3001
14,3,2,18573,7096,613,2,120,70,1,27,2022,3001
15,2,1,18810,7179,143,2,387,10,1,23,2023,3001
15,2,1,18927,7267,247,2,425,48,1,35,2023,7098
15,3,2,19013,7342,211,3,134,10,1,21,2021,3001
15,3,2,19013,7342,211,3,135,11,2,25,2022,3001
15,3,2,19053,7382,314,1,343,19,1,15,2023,3001
15,2,1,19065,7390,194,2,52,2,2,19,2019,3001
15,2,1,19065,7390,194,2,53,3,1,22,2021,3001
15,3,2,19151,7455,128,2,241,46,1,37,2020,3001
15,3,2,19151,7455,128,2,242,47,1,8,2020,3001
15,3,2,19151,7455,128,2,243,48,2,17,2022,3001
15,3,2,19110,7465,248,3,172,48,2,14,2022,3001
15,3,2,18850,7528,171,2,315,53,2,16,2023,3001
15,3,2,18850,7524,171,3,90,40,2,17,2018,3001
15,3,2,18850,7531,171,3,391,14,1,53,2021,3001
15,3,2,19256,7550,185,3,402,25,1,38,2022,3001
15,3,2,19256,7549,185,2,238,43,1,38,2022,3001
15,2,1,19270,7561,214,2,196,1,1,41,2022,3001
16,2,1,19678,7696,283,2,284,22,1,28,,3001
16,2,1,19678,7696,283,2,285,23,2,9,,3001
16,2,1,20769,8011,194,2,50,50,1,18,2019,3001
16,2,1,20769,8016,194,2,240,45,1,45,2023,3001
16,3,2,20808,8020,538,2,187,63,1,16,2023,
16,3,2,21061,8069,646,1,258,63,1,23,2021,3001
16,3,2,21061,8069,646,1,259,64,2,26,2023,3001
17,2,1,21294,8165,485,3,42,42,1,19,2018,3001
17,2,1,21294,8165,485,3,43,43,1,18,2020,3001
17,2,1,21294,8165,485,3,44,44,1,16,2021,3001
17,2,1,21294,8165,485,3,45,45,2,19,2019,3001
17,3,2,21539,8245,238,2,181,57,1,32,2021,3001
17,2,1,21606,8275,269,3,76,26,1,40,2019,3001
17,3,2,21198,8283,252,2,140,16,1,17,2019,3001
17,3,2,21198,8283,252,2,141,17,2,27,2023,3001
17,2,1,21623,8289,197,3,128,4,1,22,2020,3001
17,2,1,21623,8290,197,2,129,5,1,26,2021,3001
17,3,2,21684,8333,446,3,146,22,1,15,2018,3001
17,3,2,21745,8356,237,3,176,52,1,22,2019,3001
17,3,2,21745,8360,237,3,368,44,2,28,2021,3001
17,3,2,21817,8399,347,2,265,3,1,21,,3001
17,3,2,21879,8427,321,3,207,12,1,20,2023,3001
17,3,2,21946,8452,275,2,96,46,1,42,2021,3001
17,2,1,22012,8482,271,2,227,32,1,38,2021,3001
17,2,1,22012,8482,271,2,228,33,2,20,2023,3001
17,2,1,22012,8479,271,2,225,30,1,23,,3005
17,3,2,22025,8491,249,3,217,22,2,18,2023,3001
17,3,2,22025,8491,249,3,218,23,2,18,2022,3001
17,3,2,22025,8494,249,2,398,21,2,17,2019,3001
17,2,1,21416,8565,295,3,362,38,2,10,2019,3001
17,2,1,21480,8570,259,3,164,40,1,18,2021,3001
17,2,1,21480,8570,259,3,165,41,1,27,2019,3001
17,2,1,21480,8570,259,3,166,42,1,18,,3001
17,2,1,21480,8578,259,3,270,8,1,22,2019,3001
17,2,1,21480,8578,259,3,271,9,2,27,2021,3001
17,2,1,21480,8575,259,2,370,46,1,17,2020,3001
18,2,1,22262,8667,139,3,15,15,1,25,2021,3001
18,2,1,22309,8701,286,2,410,33,1,35,2019,3001
18,2,1,22309,8701,286,2,411,34,1,32,2022,3001
18,2,1,22309,8701,286,2,412,35,1,16,2022,3001
18,2,1,22309,8697,286,2,62,12,1,43,2019,3001
18,3,2,22487,8813,135,2,72,22,2,32,2023,3001
18,2,1,22502,8823,219,2,319,57,1,28,2023,3001
19,2,1,22976,9128,77,3,434,1,1,50,2018,3001
19,2,1,22976,9128,77,3,435,2,1,17,2018,3001
19,2,1,22976,9119,77,3,208,13,1,31,2020,3001
19,2,1,22976,9119,77,3,209,14,2,23,2020,3001
19,2,1,22976,9119,77,3,210,15,2,4,2020,3001
19,2,1,22976,9119,77,3,211,16,1,2,2020,3001
19,2,1,23009,9149,247,3,407,30,2,23,2023,3001
19,2,1,23098,9207,136,3,382,5,1,44,2023,3002
19,2,1,23172,9268,129,3,160,36,2,33,2019,3001
19,2,1,23172,9268,129,3,161,37,2,7,2019,3001
19,3,2,23210,9313,114,3,422,45,2,28,2023,3001
19,3,2,23210,9313,114,3,423,46,2,2,2023,
19,3,2,23210,9309,114,3,300,38,2,59,2023,3001
19,3,2,23210,9306,114,2,74,24,1,19,2023,3001
19,3,2,23246,9344,128,2,171,47,2,18,2021,3001
19,3,2,23419,9516,161,2,126,2,1,43,2023,3001
19,3,2,23419,9518,161,1,344,20,1,45,2021,3001
19,3,2,23419,9518,161,1,345,21,2,16,2021,3001
20,3,2,23655,9682,546,3,123,73,1,25,2021,3001
20,3,2,23726,9718,320,2,105,55,1,18,2021,3001
20,3,2,23786,9755,503,1,336,12,1,41,2019,3001
20,3,2,23786,9755,503,1,337,13,2,12,2019,3001
20,3,2,23905,9828,242,2,63,13,1,25,2022,3001
20,3,2,23995,9875,387,3,143,19,1,27,2020,3001
20,3,2,23995,9874,387,2,142,18,1,30,2023,3001
20,3,2,24063,9915,225,2,99,49,2,18,2023,3001
20,3,2,24063,9914,225,3,97,47,1,29,2022,3001
20,3,2,24063,9912,225,3,41,41,1,30,2021,3001
20,3,2,24063,9917,225,1,222,27,1,30,2022,3001
21,2,1,24265,10027,196,1,282,20,1,16,2019,3001
21,2,1,24265,10031,196,1,426,49,1,24,2023,3001
21,2,1,24265,10026,196,3,191,67,1,24,,3001
21,2,1,24407,10134,496,3,302,40,2,20,2019,3001
21,3,2,24537,10227,504,2,11,11,1,17,2018,3001
21,3,2,24537,10228,504,2,47,47,2,20,2023,3001
21,3,2,24537,10228,504,2,48,48,1,15,2018,3001
21,2,1,24570,10250,275,2,281,19,1,26,2021,3001
21,3,2,24598,10274,191,1,173,49,1,44,2019,3001
21,3,2,24598,10274,191,1,174,50,1,15,2019,3001
21,3,2,24598,10274,191,1,175,51,1,16,2023,3001
21,3,2,24598,10278,191,1,263,1,1,18,,3001
21,3,2,24677,10341,87,2,390,13,1,34,2023,3002
22,2,1,24882,10475,312,3,404,27,1,17,2018,3001
22,2,1,24882,10475,312,3,405,28,1,17,2021,3001
22,2,1,24882,10475,312,3,406,29,1,17,2023,3001
22,2,1,24882,10474,312,,256,61,1,19,2021,3001
22,2,1,24882,10474,312,,257,62,1,20,,3001
22,2,1,24989,10529,213,2,145,21,1,18,2023,3001
22,3,2,25184,10640,210,3,320,58,2,16,,3001
22,3,2,25184,10639,210,3,312,50,2,21,2021,3001
22,3,2,25639,10905,299,2,85,35,1,25,2021,3001
1,1,1,78,12,1185,3,515,14,2,25,2023,3001
1,1,1,442,61,2064,3,1500,1,1,37,2021,3001
1,1,1,1398,189,1149,3,744,2,2,38,2019,3001
1,3,2,2027,285,1456,2,680,1,1,43,2019,3001
1,1,1,2269,332,931,2,1320,2,2,28,2023,3001
1,1,1,2269,334,931,3,1391,1,2,34,2023,3001
1,1,1,2269,334,931,3,1392,2,1,31,2023,3001
1,1,1,2269,334,931,3,1393,3,1,11,2023,3001
1,1,1,2269,334,931,3,1394,4,1,2,2023,3001
1,1,1,2457,378,689,3,1257,1,1,44,2021,8098
1,1,1,3865,593,845,3,997,1,1,27,2020,3001
1,1,1,4054,629,886,3,1506,1,1,30,2019,3001
1,1,1,4293,674,1155,3,949,1,2,64,2022,3008
1,1,1,4293,674,1155,3,950,2,2,14,2022,3008
1,1,1,4293,674,1155,3,951,3,1,2,2022,3008
1,1,1,4293,674,1155,3,952,4,2,4,2022,3008
1,1,1,4293,674,1155,3,953,5,1,1,2022,3008
1,1,1,4293,674,1155,3,954,6,1,80,2022,3008
1,1,1,4293,674,1155,3,955,7,1,23,2022,3008
1,1,1,4608,726,932,3,1499,1,1,20,2022,3001
1,1,1,4608,723,932,3,1420,2,2,36,2022,3008
1,1,1,4914,781,741,3,524,23,1,17,2021,3001
2,3,2,5542,975,136,2,1289,1,1,23,2020,3002
2,2,1,5558,993,98,3,568,67,1,21,2021,3002
2,3,2,5626,1111,66,2,1040,1,1,24,2023,3002
2,2,1,5646,1141,105,3,1363,2,1,18,2018,3002
2,3,2,5655,1154,94,3,1510,1,1,24,2019,3001
2,3,2,5655,1151,94,3,1469,1,1,21,2018,3001
2,3,2,5655,1156,94,3,1511,2,2,19,,3001
2,2,1,5717,1256,43,3,1260,4,1,32,2022,4098
2,3,2,5764,1317,83,3,1051,1,1,22,2021,3001
2,3,2,5764,1318,83,3,1259,3,1,38,2021,3001
2,3,2,5821,1403,106,3,1258,2,1,6,,3001
3,2,1,5938,1531,117,3,528,27,2,24,2020,3001
3,3,2,6100,1736,144,3,596,19,1,18,2022,3001
3,3,2,6100,1736,144,3,597,20,1,29,2022,3001
3,3,2,6100,1736,144,3,598,21,1,26,2022,3001
3,3,2,6100,1736,144,3,599,22,1,22,2022,3001
3,2,1,6342,2043,100,3,1262,1,1,23,2023,3002
3,2,1,6367,2068,101,1,1274,1,2,19,2023,3001
4,2,1,6391,2088,273,3,1518,1,1,25,2023,3001
4,2,1,6391,2084,273,3,1134,1,1,22,2021,3001
4,2,1,6444,2114,449,2,1239,1,2,17,,3001
4,2,1,6444,2118,449,3,1519,1,1,21,2022,3001
4,2,1,6528,2175,274,3,1520,2,1,16,2022,3001
4,2,1,6528,2167,274,2,1472,1,1,20,2023,3001
4,3,2,6662,2253,211,3,1531,1,1,23,2023,3001
4,3,2,6662,2246,211,3,486,53,1,21,2021,3001
4,2,1,6824,2335,314,3,1527,1,1,41,2023,3002
4,3,2,6836,2338,371,3,1404,1,1,23,2021,3001
4,3,2,6966,2425,294,3,1526,1,1,21,2018,3001
4,3,2,7143,2509,368,3,502,1,1,23,,3001
4,3,2,7143,2504,368,3,474,41,1,26,,3001
4,3,2,7143,2504,368,3,475,42,1,19,2019,3001
4,3,2,7143,2504,368,3,476,43,1,21,2020,3001
4,3,2,7143,2510,368,3,503,2,1,19,2018,3001
4,3,2,7143,2510,368,3,504,3,1,23,2020,3001
4,3,2,7143,2510,368,3,505,4,1,23,2022,3001
5,2,1,7420,2663,269,2,1491,2,2,41,2021,3001
5,2,1,7420,2665,269,2,1507,1,1,26,2022,3001
5,2,1,7633,2771,277,2,1200,1,2,26,2019,3001
5,2,1,7633,2771,277,2,1201,2,2,22,2023,3001
5,2,1,7633,2771,277,2,1202,3,1,15,2021,3001
5,2,1,7633,2771,277,2,1203,4,2,3,2019,
5,3,2,7653,2778,277,3,825,1,1,17,2021,3001
5,3,2,7717,2814,261,3,1398,1,1,22,2022,3002
5,3,2,7717,2814,261,3,1399,2,1,17,2022,3002
5,2,1,7799,2859,314,3,1428,1,1,28,2022,3001
5,2,1,7914,2923,252,3,1334,1,2,56,2021,3001
5,2,1,7914,2924,252,3,1369,1,2,35,2022,3001
5,2,1,7914,2924,252,3,1370,2,2,13,2022,3001
5,2,1,7914,2927,252,3,1423,1,1,24,2020,3001
5,2,1,7914,2927,252,3,1424,2,1,20,2020,3001
5,2,1,7966,2948,306,3,1368,2,2,20,,3001
5,3,2,8055,2994,460,3,1179,2,1,16,2021,3001
5,3,2,8493,3203,266,2,1476,2,1,37,2023,3001
5,3,2,8493,3202,266,3,1475,1,1,31,2020,3001
6,2,1,8604,3283,341,2,1523,1,1,34,2019,3001
6,2,1,8734,3345,211,2,1189,1,1,17,2019,3001
6,3,2,8811,3386,150,3,506,5,1,17,2022,3001
6,3,2,9086,3562,528,3,1525,2,2,22,2021,3001
6,3,2,9295,3691,315,3,732,1,1,16,2021,3001
7,3,2,9469,3754,123,3,1451,1,1,25,2021,3001
7,3,2,9469,3753,123,3,1311,2,1,26,2021,3002
7,2,1,9488,3778,208,3,1287,5,1,23,2023,3001
7,2,1,9488,3775,208,3,1199,1,1,29,2022,3001
7,2,1,9488,3773,208,3,1091,1,1,25,,3001
7,3,2,9553,3805,209,3,1449,1,2,38,2021,3001
7,3,2,9553,3805,209,3,1450,2,2,26,2021,3001
7,3,2,9604,3831,236,3,1460,5,1,25,2021,3001
7,3,2,9604,3831,236,3,1461,6,1,21,2021,3001
7,2,1,9670,3863,167,2,1008,2,1,23,2020,3001
7,2,1,9670,3861,167,3,1007,1,1,22,2020,3001
7,2,1,9670,3858,167,2,1003,1,1,26,,3001
7,2,1,9670,3858,167,2,1004,2,1,27,,3001
7,3,2,9728,3910,237,3,1351,1,1,16,,3001
7,3,2,9728,3905,237,3,1030,2,1,39,2020,3001
7,3,2,9728,3909,237,2,1061,2,1,18,2018,3001
7,3,2,9728,3906,237,3,1034,4,1,18,2020,3001
7,3,2,9728,3906,237,3,1035,5,1,15,2020,3001
7,3,2,9728,3906,237,3,1036,6,1,17,2020,3001
7,3,2,9728,3904,237,2,1027,2,1,15,2019,3001
7,3,2,9728,3904,237,2,1028,3,1,17,2022,3001
7,2,1,9763,3926,230,2,1295,1,1,21,2022,3001
7,2,1,9763,3927,230,2,1340,1,1,26,2023,4015
7,3,2,9837,3970,414,2,461,28,1,25,2021,3001
7,3,2,9837,3971,414,3,462,29,1,19,2020,3001
7,3,2,9837,3971,414,3,463,30,2,22,2022,3001
7,3,2,9837,3973,414,2,507,6,2,31,2023,3001
7,2,1,9867,3995,329,3,473,40,1,32,,3001
7,2,1,9867,3994,329,3,468,35,1,33,2023,3001
8,2,1,10120,4128,271,3,1208,1,2,18,2020,3001
8,2,1,10120,4128,271,3,1209,2,2,16,2020,3001
8,3,2,10615,4378,178,3,1064,1,1,28,2018,3001
8,3,2,10615,4374,178,3,831,5,1,27,2021,3001
8,3,2,10615,4371,178,2,520,19,1,38,2023,3001
9,2,1,10899,4491,508,2,1273,1,1,46,2019,3001
9,3,2,11057,4562,307,2,1385,1,1,48,2022,3001
9,3,2,11192,4598,368,3,620,43,2,32,2019,3001
9,3,2,11192,4598,368,3,621,44,1,27,2019,3001
9,2,1,11566,4726,334,3,438,5,1,23,2022,3001
9,2,1,11566,4726,334,3,439,6,1,24,2021,3001
9,3,2,11694,4772,618,3,1490,1,1,27,2023,3001
9,2,1,11811,4807,305,2,665,1,1,18,2020,
9,3,2,11853,4836,418,2,608,31,1,27,2022,3001
9,3,2,11853,4836,418,2,609,32,1,19,2020,3001
9,3,2,11853,4835,418,1,607,30,1,18,2023,
9,3,2,11995,4895,457,3,1410,1,1,17,2019,3001
9,3,2,11995,4895,457,3,1411,2,1,16,2021,3003
10,2,1,12192,4985,436,3,466,33,1,42,2023,3003
10,2,1,12192,4985,436,3,467,34,2,21,2023,3003
10,3,2,12399,5089,284,2,1522,1,1,26,2021,3001
10,3,2,12459,5129,265,3,977,1,1,23,2021,3001
10,3,2,12459,5130,265,3,999,2,1,27,2023,3001
10,2,1,12578,5194,349,3,1233,2,1,39,,3001
10,3,2,12803,5318,610,2,1154,2,1,19,2023,3001
10,3,2,12803,5318,610,2,1155,3,1,21,2022,3001
10,3,2,12803,5319,610,3,1211,1,2,28,2022,3001
10,2,1,12880,5372,179,3,450,17,1,15,2022,3001
10,2,1,12964,5435,285,3,1482,1,1,39,2022,3001
10,2,1,12964,5432,285,2,1481,4,1,36,2022,3001
10,3,2,12324,5473,163,3,666,1,1,38,2022,3001
11,2,1,13000,5496,174,3,644,67,2,33,,3001
11,2,1,13000,5496,174,3,645,68,2,35,,3001
11,2,1,13158,5594,194,2,1156,1,1,31,2022,3001
11,2,1,13158,5595,194,3,1282,2,1,32,2023,3001
11,3,2,13226,5635,264,2,1441,1,1,13,2019,3001
11,3,2,13226,5636,264,3,1442,2,1,45,2020,3001
11,3,2,13340,5731,174,3,1193,1,2,23,2022,3001
11,3,2,13395,5770,294,3,1297,1,1,26,2022,3001
11,3,2,13459,5819,148,3,1073,1,1,21,2022,3001
11,3,2,13459,5823,148,3,1087,1,2,23,2021,3001
11,3,2,13510,5867,169,3,1188,1,1,34,2022,3001
11,3,2,13510,5862,169,3,1044,4,1,22,2018,3001
11,2,1,13539,5894,141,3,1292,2,2,32,2022,3001
12,3,2,13817,5950,708,3,799,1,1,26,,3001
12,2,1,13842,5961,423,3,658,2,2,35,2022,3001
12,2,1,13842,5958,423,2,657,1,2,18,2020,3001
12,3,2,13965,5984,599,3,1000,1,1,18,2022,3001
12,3,2,13965,5989,599,3,1160,1,2,17,2022,3001
12,3,2,14083,6006,466,3,1026,1,1,32,2019,3001
12,3,2,14491,6101,868,3,1041,1,1,19,,3001
12,3,2,14491,6101,868,3,1042,2,2,18,2020,3001
12,3,2,14491,6101,868,3,1043,3,1,18,2023,3001
12,3,2,14491,6099,868,3,698,1,1,18,2021,3001
12,3,2,14612,6139,424,3,1425,1,1,18,2019,3001
12,3,2,14612,6139,424,3,1426,2,1,17,2020,3001
12,3,2,14759,6169,458,3,1022,2,1,21,2022,3001
12,2,1,14871,6200,715,3,1483,1,2,28,2023,3001
12,3,2,15049,6221,827,3,981,1,1,21,2023,3001
12,3,2,15214,6256,332,3,1478,1,1,25,2020,3001
12,3,2,15214,6252,332,1,1354,1,1,17,2021,3001
12,3,2,15214,6258,332,2,1485,1,1,24,2022,3001
12,2,1,15345,6292,452,3,501,68,2,20,2021,3001
12,2,1,15345,6285,452,2,482,49,1,22,2020,3001
12,2,1,15345,6285,452,2,483,50,2,24,2021,3001
12,2,1,15345,6285,452,2,484,51,1,16,2021,3001
12,2,1,15345,6285,452,2,485,52,1,18,2023,3001
13,2,1,15445,6332,555,2,1319,1,1,25,2021,3001
13,3,2,15733,6385,843,2,1279,1,1,22,2021,3001
13,3,2,15868,6414,638,1,451,18,1,17,2022,3001
13,3,2,15868,6419,638,2,1124,4,1,17,,3001
13,3,2,15868,6415,638,3,508,7,1,13,,3001
13,3,2,16006,6453,683,2,1213,2,1,23,2023,3003
13,3,2,16006,6453,683,2,1214,3,1,20,2023,3003
13,3,2,16006,6445,683,2,912,1,1,32,2018,3001
13,3,2,16006,6445,683,2,913,2,1,12,2018,3001
13,3,2,16336,6519,603,2,696,5,1,20,2023,3001
13,3,2,16336,6520,603,2,697,6,1,25,2018,3001
13,3,2,16336,6514,603,2,570,69,1,16,,3001
13,3,2,16336,6514,603,2,571,70,1,15,2023,3001
13,3,2,16336,6512,603,3,521,20,1,19,2019,3001
13,3,2,16336,6512,603,3,522,21,1,17,2020,3001
13,3,2,16336,6512,603,3,523,22,1,53,2022,3001
13,3,2,16336,6515,603,,575,74,2,22,2023,3001
13,3,2,16509,6542,432,3,1046,1,2,19,2018,3001
13,3,2,16648,6568,1291,1,656,1,1,37,2019,3001
13,2,1,16652,6574,615,2,787,8,2,17,2020,3001
13,2,1,16652,6574,615,2,788,9,1,16,2023,3001
13,2,1,16652,6577,615,2,897,1,1,32,2020,3001
13,2,1,16652,6577,615,2,898,2,1,24,2019,3001
13,2,1,16652,6579,615,1,971,1,1,17,2021,3001
13,2,1,16652,6576,615,1,802,4,1,30,2023,3001
13,2,1,16652,6573,615,2,783,4,1,16,2019,3001
13,2,1,16652,6573,615,2,784,5,2,18,2018,3001
13,2,1,16652,6572,615,2,743,1,1,24,2018,3001
13,2,1,16652,6575,615,2,801,3,2,18,2019,3001
13,3,2,16805,6611,977,1,710,1,1,20,2022,3001
13,3,2,17131,6688,1059,1,513,12,2,18,2022,3001
13,3,2,17131,6682,1059,2,509,8,2,26,2019,3001
13,3,2,17131,6682,1059,2,510,9,2,26,2022,3001
13,3,2,17131,6682,1059,2,511,10,1,19,2022,3001
13,3,2,17131,6683,1059,3,512,11,1,8,,3001
14,2,1,17349,6741,208,2,1275,1,1,15,,
14,2,1,17349,6741,208,2,1276,2,2,16,2019,
14,2,1,17349,6741,208,2,1277,3,2,15,2021,
14,3,2,17590,6806,599,1,456,23,1,19,,3001
14,3,2,17590,6806,599,1,457,24,1,18,,3001
14,3,2,17590,6806,599,1,458,25,1,17,2019,3001
14,3,2,17590,6810,599,2,619,42,1,26,2022,3001
14,3,2,17766,6862,382,2,1130,4,2,17,2019,3001
14,3,2,17766,6856,382,2,921,1,1,37,2021,3001
14,3,2,17867,6897,480,3,1484,1,1,26,2022,3001
14,3,2,18113,6969,413,1,1031,1,1,20,,3001
14,3,2,18113,6969,413,1,1032,2,1,18,2018,3001
14,2,1,18161,6987,437,2,781,2,1,15,,3001
14,2,1,18253,7004,454,2,585,8,1,29,2021,3001
14,2,1,18253,7009,454,2,676,1,1,16,2022,3001
14,3,2,18366,7051,398,2,1049,1,1,33,2022,3001
14,3,2,18366,7045,398,2,811,1,1,28,2021,3001
14,3,2,18481,7079,445,2,1166,1,1,17,2020,3001
14,3,2,18481,7081,445,2,1186,2,1,18,2023,3001
14,3,2,18596,7106,415,2,763,2,2,33,,3001
14,3,2,18596,7109,415,2,956,1,1,18,2019,3001
14,3,2,18596,7109,415,2,957,2,1,29,2020,3001
14,3,2,18707,7153,584,3,1242,3,1,18,,3001
14,3,2,18707,7153,584,3,1243,4,1,20,,3001
14,3,2,18707,7153,584,3,1244,5,1,17,2018,3001
14,3,2,18707,7153,584,3,1245,6,2,22,2023,3001
14,3,2,18707,7153,584,3,1246,7,2,6,2023,3001
14,3,2,18707,7151,584,2,1240,1,1,39,2020,3001
14,3,2,18707,7151,584,2,1241,2,1,13,2020,3001
15,2,1,18819,7191,118,3,1439,2,1,41,2022,3001
15,2,1,18859,7209,222,2,1414,1,1,19,2021,3001
15,2,1,18859,7209,222,2,1415,2,1,15,2022,3001
15,2,1,18859,7209,222,2,1416,3,1,16,2023,3001
15,2,1,18859,7212,222,3,1421,3,1,19,2020,3001
15,2,1,18859,7214,222,1,1440,3,1,25,2021,3001
15,2,1,18859,7213,222,2,1438,1,1,18,2021,3001
15,2,1,18939,7274,138,2,984,1,1,30,2019,3001
15,2,1,18939,7269,138,3,820,5,1,32,2019,3001
15,3,2,19022,7349,149,2,588,11,1,21,2023,3001
15,3,2,19022,7349,149,2,589,12,1,1,2022,3001
15,3,2,19022,7353,149,2,591,14,1,28,2020,3001
15,2,1,19076,7398,129,2,592,15,2,18,2021,3001
15,2,1,19076,7399,129,3,593,16,1,43,2021,3001
15,2,1,19076,7393,129,2,590,13,1,24,2023,3001
15,3,2,19081,7401,106,1,452,19,1,38,2019,3001
15,3,2,19081,7401,106,1,453,20,2,16,2019,3001
15,3,2,19081,7401,106,1,454,21,2,17,2022,3001
15,3,2,19081,7405,106,2,491,58,1,17,,3001
15,3,2,19120,7427,94,2,490,57,1,14,2021,3001
15,3,2,19163,7459,204,2,968,1,1,17,2022,3001
15,3,2,19163,7460,204,2,969,2,1,33,2022,3001
15,3,2,19163,7461,204,2,970,3,1,36,2022,3001
16,2,1,19454,7645,187,2,1251,12,1,34,2023,3001
16,2,1,19454,7644,187,1,1249,10,1,17,2022,3001
16,2,1,19454,7644,187,1,1250,11,1,24,2023,3001
16,3,2,19717,7706,1503,2,1498,5,1,32,2023,3001
16,3,2,19884,7752,612,2,1261,1,1,30,2023,3001
16,3,2,20965,8049,448,1,1248,9,1,25,2022,3001
16,2,1,20793,8098,435,1,640,63,1,20,2021,3001
16,2,1,20793,8102,435,2,1505,1,1,47,2021,3001
17,2,1,21327,8177,258,2,1185,1,2,25,2021,3001
17,3,2,21350,8193,449,3,946,3,1,34,2019,3001
17,3,2,21350,8194,449,2,947,4,1,15,2018,3001
17,3,2,21350,8194,449,2,948,5,1,27,2018,3001
17,3,2,21350,8191,449,3,944,1,1,31,2018,3001
17,3,2,21350,8191,449,3,945,2,1,33,2022,3002
17,3,2,21350,8187,449,3,623,46,1,23,,3001
17,3,2,21350,8187,449,3,624,47,2,18,,3001
17,3,2,21350,8187,449,3,625,48,2,20,2020,3001
17,3,2,21433,8221,667,3,1001,1,2,50,2022,3001
17,3,2,21433,8221,667,3,1002,2,2,15,2022,3001
17,3,2,21433,8217,667,3,464,31,2,23,2022,3001
17,3,2,21492,8243,382,1,639,62,1,32,2021,3001
17,3,2,21553,8258,270,2,829,3,1,15,2021,3001
17,3,2,21553,8256,270,3,827,1,2,32,,3001
17,3,2,21553,8256,270,3,828,2,2,27,2019,3001
17,3,2,21553,8251,270,3,635,58,1,38,2022,3001
17,3,2,21630,8299,319,3,1256,1,2,20,2023,3001
17,3,2,21630,8297,319,2,1219,1,1,26,2021,4023
17,3,2,21630,8301,319,3,1268,6,1,21,2021,3001
17,3,2,21630,8301,319,3,1269,7,2,20,2021,3001
17,3,2,21630,8301,319,3,1270,8,1,1,2021,3001
17,3,2,21630,8300,319,3,1263,1,1,22,2019,3001
17,3,2,21630,8300,319,3,1264,2,2,17,2020,3001
17,3,2,21630,8300,319,3,1265,3,1,22,2021,3001
17,3,2,21630,8300,319,3,1266,4,1,26,2023,3001
17,3,2,21630,8300,319,3,1267,5,1,36,2019,3001
17,3,2,21630,8302,319,3,1271,9,2,40,2018,3001
17,3,2,21630,8302,319,3,1272,10,1,14,2018,3001
17,2,1,21670,8320,129,3,437,4,1,29,2020,3001
17,3,2,21700,8336,187,3,548,47,1,34,2020,3001
17,3,2,21700,8336,187,3,549,48,1,33,2022,3001
17,3,2,21700,8341,187,3,646,69,1,23,,3001
17,3,2,21700,8341,187,3,647,70,1,31,2020,3001
17,3,2,21700,8344,187,3,910,8,2,25,2023,3001
17,3,2,21773,8376,247,3,762,1,1,17,2019,3001
17,3,2,21904,8443,126,3,1503,1,2,13,2022,3001
17,3,2,21904,8443,126,3,1504,2,2,16,2022,3001
17,3,2,21904,8437,126,3,1502,3,1,26,2019,3001
17,3,2,21904,8435,126,1,1501,2,2,26,2023,3001
17,2,1,21961,8463,253,3,1487,1,1,29,2020,3001
17,2,1,21961,8463,253,3,1488,2,1,8,2020,3001
17,2,1,22042,8495,232,3,525,24,1,97,2019,3001
17,2,1,22042,8501,232,2,911,1,2,18,2020,3005
17,2,1,22042,8499,232,3,664,2,1,17,2022,3001
17,2,1,22042,8498,232,3,663,1,1,28,2020,3001
18,2,1,22276,8673,377,3,667,2,1,36,2021,3001
18,2,1,22276,8674,377,3,668,1,2,29,2018,3001
18,2,1,22357,8731,192,3,1187,1,1,7,,3098
18,3,2,22450,8790,445,2,1509,3,1,18,2023,3001
18,2,1,22623,8925,213,3,1396,2,1,23,2022,3002
18,3,2,22759,8997,278,3,1278,1,1,24,2021,3001
18,3,2,22816,9032,296,3,436,3,1,23,2022,3001
18,3,2,22865,9062,330,3,443,10,1,18,2020,3001
18,3,2,22865,9062,330,3,444,11,1,18,2021,3001
18,3,2,22865,9062,330,3,445,12,1,25,2022,3002
19,2,1,23180,9278,139,3,701,4,1,25,2021,3001
19,2,1,23180,9278,139,3,702,5,1,30,2021,3001
19,3,2,23189,9285,131,2,963,1,1,19,,3001
19,3,2,23189,9285,131,2,964,2,1,16,2021,3001
19,3,2,23189,9288,131,2,1234,1,1,16,2021,3001
19,3,2,23189,9288,131,2,1235,2,1,28,2022,3001
19,3,2,23189,9289,131,3,1493,4,1,21,2021,3001
19,3,2,23220,9318,196,3,1052,1,1,24,2023,3001
19,3,2,23220,9320,196,3,1053,2,2,31,2021,4015
19,3,2,23305,9405,112,3,1446,3,1,26,2022,3001
19,3,2,23305,9405,112,3,1447,4,2,27,2022,3001
19,3,2,23305,9403,112,3,1380,1,1,42,2022,3002
19,3,2,23437,9531,123,3,1132,1,1,44,2021,3001
20,2,1,23470,9594,309,3,1516,1,1,30,2018,3001
20,2,1,23547,9627,167,3,465,32,1,34,2018,3001
20,2,1,23667,9692,135,2,852,2,1,17,2022,3001
20,3,2,23674,9697,267,3,632,55,1,15,2021,
20,3,2,23674,9697,267,3,633,56,2,15,2022,
20,3,2,23739,9728,207,2,1514,3,1,38,2023,3001
20,3,2,23739,9728,207,2,1515,4,1,9,2023,3001
20,3,2,23739,9727,207,2,1512,1,1,35,2018,3001
20,3,2,23739,9727,207,2,1513,2,1,8,2018,3001
20,3,2,23860,9798,238,3,851,1,2,29,2022,3001
20,2,1,23936,9843,511,3,1359,1,1,24,2022,3001
20,3,2,23955,9849,182,3,974,1,1,19,2021,3001
20,3,2,23955,9854,182,3,975,2,1,18,2019,4015
20,2,1,24010,9879,455,2,1333,1,1,27,2022,3001
20,2,1,24010,9883,455,3,1357,1,2,16,2021,3001
20,3,2,24074,9925,133,2,1360,2,1,28,2019,3001
20,3,2,24129,9951,255,3,1074,1,1,21,2021,3001
20,3,2,24129,9951,255,3,1075,2,1,22,2023,3001
21,2,1,24233,10005,269,3,1236,1,2,23,2020,3001
21,2,1,24277,10041,176,3,1237,2,1,15,2018,3001
21,2,1,24277,10041,176,3,1238,3,2,17,2022,3001
21,2,1,24277,10033,176,3,566,65,1,16,2022,3001
21,2,1,24277,10038,176,2,677,1,1,29,2023,3001
21,2,1,24292,10048,164,3,470,37,1,22,2022,3001
21,2,1,24292,10048,164,3,471,38,1,20,2022,3001
21,2,1,24373,10104,281,2,1382,1,1,24,2020,3001
21,2,1,24373,10104,281,2,1383,2,1,25,2023,3001
21,2,1,24373,10110,281,2,1463,2,2,27,2020,3001
21,3,2,24506,10204,356,2,1254,1,1,19,2022,
21,3,2,24547,10233,321,3,864,2,1,30,2022,3001
21,3,2,24547,10233,321,3,865,3,1,25,2022,3001
21,3,2,24547,10233,321,3,866,4,1,23,2023,3001
21,3,2,24547,10233,321,3,867,5,1,22,2023,3001
21,3,2,24614,10288,202,2,440,7,1,26,2023,3001
21,3,2,24686,10345,183,3,518,17,1,20,2020,
21,2,1,24703,10360,225,2,460,27,2,14,2022,3001
22,2,1,24846,10451,421,2,1309,1,1,16,2023,3001
22,2,1,24846,10452,421,3,1328,2,1,16,2021,3001
22,2,1,24896,10481,251,3,1168,1,1,35,,3001
22,2,1,24896,10481,251,3,1169,2,1,19,2023,3001
22,2,1,24949,10500,401,3,1313,2,1,24,,3001
22,2,1,24949,10500,401,3,1314,3,1,17,2019,3001
22,2,1,24949,10506,401,2,1462,1,1,36,2018,3001
22,2,1,25142,10619,160,1,1077,2,1,30,,3001
22,2,1,25142,10619,160,1,1078,3,2,35,,4015
22,2,1,25142,10616,160,2,936,12,1,45,2020,3001
22,2,1,25142,10618,160,2,1013,1,1,20,2022,3001
22,2,1,25142,10618,160,2,1014,2,2,23,2022,3001
22,2,1,25211,10651,616,2,481,48,2,37,2021,3001
22,3,2,25415,10780,458,3,733,2,2,24,,3001
22,3,2,25468,10812,176,2,928,4,1,17,,3001
22,3,2,25468,10812,176,2,929,5,2,28,2019,3001
22,3,2,25468,10812,176,2,930,6,1,17,2020,3001
22,3,2,25468,10812,176,2,931,7,1,17,2022,3001
22,3,2,25468,10807,176,3,752,2,1,46,2019,3001
22,3,2,25468,10807,176,3,753,3,1,14,2019,3001
22,3,2,25468,10809,176,3,759,1,2,20,2021,3001
22,3,2,25468,10810,176,2,925,1,1,35,2021,3001
22,3,2,25468,10810,176,2,926,2,1,30,2022,3001
22,3,2,25468,10810,176,2,927,3,1,41,2023,3001
22,3,2,25540,10852,229,1,561,60,1,28,2019,3001
22,3,2,25540,10852,229,1,562,61,1,16,2022,3001
1,1,1,126,14,880,3,2900,1,2,29,2018,3002
1,1,1,126,16,880,3,2987,1,2,24,,3011
1,1,1,126,17,880,3,2988,2,2,20,,6098
1,1,1,314,40,699,3,2325,4,2,37,2021,3001
1,1,1,484,64,665,3,2622,1,2,22,2020,8001
1,1,1,750,101,835,3,2496,3,2,37,2019,3001
1,1,1,1066,146,768,2,2951,2,2,14,,3001
1,1,1,1440,196,1271,3,2501,1,1,25,2023,3001
1,1,1,1646,225,1683,2,2950,1,1,33,2023,3001
1,3,2,3404,515,830,3,2964,1,1,22,2021,3001
1,1,1,4131,653,717,2,1747,1,1,28,2023,3001
1,1,1,5445,877,1591,3,2371,1,1,46,2023,3001
2,2,1,5494,910,61,3,1681,3,1,18,2023,3001
2,3,2,5610,1085,91,3,2655,3,1,36,2023,3001
2,3,2,5790,1354,81,3,2418,1,1,22,2022,3001
3,2,1,5874,1454,239,3,2075,1,1,22,2022,4002
3,2,1,5922,1509,205,3,2688,2,1,49,2021,3002
3,2,1,6105,1747,131,3,2560,3,1,11,2018,3003
3,2,1,6105,1747,131,3,2561,4,2,8,2018,3003
3,2,1,6105,1747,131,3,2562,5,2,6,2018,3003
3,2,1,6153,1794,149,3,2687,1,1,50,2021,3001
3,2,1,6322,2013,171,2,2699,2,2,25,2023,3004
4,2,1,6505,2154,328,3,2276,1,1,18,2022,3001
4,2,1,6505,2149,328,3,2097,1,1,37,2022,
4,3,2,6549,2179,257,3,2210,1,1,24,2023,3002
4,3,2,6619,2222,266,3,2295,1,2,36,2022,3001
4,3,2,6674,2259,420,3,2929,1,1,17,2021,3001
4,3,2,6674,2254,420,3,2353,4,2,23,2023,3001
4,3,2,6851,2347,337,3,2863,1,1,36,2018,3001
4,3,2,6851,2349,337,3,2926,1,1,37,2023,3002
4,2,1,6978,2427,207,2,2770,4,1,23,2023,3001
4,2,1,6978,2427,207,2,2771,5,2,20,2023,3001
4,2,1,7088,2484,185,3,2845,1,1,2,2021,3001
4,3,2,7185,2539,363,3,2851,1,1,39,2021,3001
4,3,2,7185,2533,363,2,2737,1,1,29,2022,3001
5,2,1,7320,2609,564,3,2463,1,1,32,2023,3001
5,2,1,7438,2674,454,2,2885,2,1,30,2022,3001
5,3,2,7891,2912,521,3,2497,1,1,40,2023,3001
5,3,2,7982,2962,300,3,2646,1,1,10,2021,3003
5,2,1,8371,3142,452,3,2886,3,1,25,2018,3001
5,3,2,8507,3209,165,3,1902,1,1,36,2018,3001
5,3,2,8507,3216,165,3,2076,1,2,20,2018,3001
5,3,2,8507,3212,165,2,2002,1,1,21,2022,3001
6,2,1,8643,3300,265,3,2559,2,1,46,2018,3001
6,3,2,8746,3358,378,2,2927,1,1,16,2019,3001
6,2,1,8754,3367,245,3,2392,1,2,20,2018,3001
6,2,1,8754,3367,245,3,2393,2,2,25,2023,3001
6,3,2,8825,3400,251,3,2204,1,2,25,2019,3001
6,3,2,8825,3400,251,3,2205,2,1,20,2022,3001
6,3,2,8825,3400,251,3,2206,3,1,18,,3001
6,3,2,8825,3401,251,3,2207,4,1,23,2018,3001
6,3,2,8905,3457,228,3,2038,1,1,30,2023,3002
6,3,2,8905,3453,228,2,2010,1,1,18,2021,3001
6,3,2,8905,3453,228,2,2011,2,2,19,2023,3002
6,3,2,8905,3459,228,2,2892,1,1,42,2021,3001
6,3,2,9096,3565,261,3,2394,3,1,21,2018,3001
6,3,2,9096,3566,261,3,2395,4,2,19,2023,3001
6,2,1,9135,3586,197,3,2774,1,2,37,2021,3001
6,2,1,9245,3659,290,3,2312,1,2,22,2022,3001
6,2,1,9245,3659,290,3,2313,2,1,18,2021,3001
6,2,1,9245,3655,290,3,2159,1,2,20,2018,3001
6,2,1,9245,3655,290,3,2160,2,1,23,2020,3001
7,3,2,9469,3762,123,3,2634,2,2,24,2018,3001
7,2,1,9499,3785,308,3,2956,1,1,34,2022,3001
7,2,1,9616,3834,315,2,2453,1,1,21,2022,3001
7,2,1,9616,3834,315,2,2454,2,1,20,2022,3001
7,2,1,9681,3871,309,3,2955,1,1,20,2021,3001
7,2,1,9681,3868,309,2,2746,2,1,19,2019,3001
7,2,1,9681,3868,309,2,2747,3,1,16,2022,3001
7,3,2,9772,3940,270,3,2679,2,1,25,2022,3001
7,2,1,9780,3943,168,3,2574,2,1,28,2019,3001
7,3,2,9853,3985,262,3,2598,1,1,29,2022,3001
7,3,2,9853,3986,262,2,2599,2,1,20,2022,3001
7,3,2,9853,3986,262,2,2600,3,2,23,2023,3001
7,2,1,9877,4003,198,2,2573,1,1,17,2020,3001
7,3,2,9991,4077,209,3,2584,4,1,21,2021,3001
7,3,2,9991,4077,209,3,2585,5,1,25,2021,3001
8,2,1,10033,4103,302,2,2999,2,2,47,2019,3001
8,2,1,10033,4103,302,2,3000,3,2,8,2019,3001
8,2,1,10033,4103,302,2,3001,4,1,12,2019,3001
8,2,1,10033,4101,302,3,2997,1,1,28,2023,3001
8,2,1,10131,4135,264,2,2802,2,1,54,2023,3001
8,2,1,10131,4132,264,2,2676,3,1,52,2023,3001
8,2,1,10131,4137,264,2,2998,1,1,30,2021,3001
8,2,1,10319,4216,208,3,2656,1,2,17,,3001
8,2,1,10319,4219,208,2,2801,1,1,28,2022,3001
8,2,1,10319,4215,208,3,2618,4,1,18,2022,3001
8,2,1,10319,4215,208,3,2619,5,1,18,,3001
8,3,2,10504,4321,365,3,2651,1,1,26,2023,3001
8,3,2,10504,4324,365,3,2689,1,2,22,2021,3001
8,3,2,10504,4324,365,3,2690,2,2,19,2021,3001
8,3,2,10504,4326,365,3,2691,3,1,35,2021,3001
8,3,2,10528,4342,447,3,2958,2,1,21,2021,3001
8,3,2,10528,4342,447,3,2959,3,1,24,2022,3001
9,2,1,10845,4475,295,3,1545,3,1,28,,3001
9,2,1,10845,4475,295,3,1546,4,2,19,2022,3001
9,2,1,10917,4498,475,3,2359,1,2,17,2022,3001
9,2,1,10991,4526,371,3,1858,1,1,18,2022,3001
9,2,1,10991,4530,371,3,1900,1,1,18,2021,3001
9,2,1,11097,4541,564,3,2478,1,1,30,2021,3001
9,2,1,11097,4539,564,3,2375,1,1,42,2022,3001
9,2,1,11359,4668,317,3,1644,1,1,23,,3001
9,2,1,11359,4668,317,3,1645,2,1,9,2018,3001
9,2,1,11359,4668,317,3,1646,3,2,16,2023,3001
9,2,1,11583,4733,345,2,2220,1,2,17,2022,3001
9,2,1,11583,4734,345,2,2296,1,1,26,2021,3001
9,2,1,11583,4734,345,2,2297,2,1,18,2020,3001
9,2,1,11583,4734,345,2,2298,3,2,19,2022,3001
9,2,1,11583,4735,345,3,2322,1,1,17,2018,3001
9,2,1,11583,4735,345,3,2323,2,1,17,,3001
9,2,1,11583,4735,345,3,2324,3,1,18,2023,3001
9,3,2,11940,4876,364,3,2806,3,1,29,2018,3001
9,3,2,11940,4876,364,3,2807,4,1,27,2021,3001
9,3,2,11940,4876,364,3,2808,5,1,27,2023,3001
9,3,2,12112,4944,326,3,2738,2,1,37,2023,3001
9,3,2,12112,4944,326,3,2739,3,2,16,2023,3001
10,3,2,12471,5099,155,3,2890,1,2,22,2021,3001
10,3,2,12471,5106,155,2,2904,1,1,14,2022,3001
10,3,2,12471,5104,155,2,2891,1,2,15,2022,3001
10,2,1,12492,5144,159,3,2300,1,1,34,2018,3001
10,2,1,12667,5245,188,3,1746,1,1,25,2021,3001
10,2,1,12667,5243,188,3,1647,1,1,16,2021,3001
10,2,1,12667,5243,188,3,1648,2,1,23,2021,3001
10,2,1,12788,5307,189,3,2345,1,2,21,2023,3001
10,2,1,12910,5393,308,3,2293,3,1,27,2021,3001
10,2,1,12910,5395,308,2,2415,3,2,24,2022,3001
10,2,1,12910,5395,308,2,2416,4,1,22,2023,3001
10,3,2,12974,5442,274,1,2720,1,2,38,2022,3001
10,3,2,12974,5442,274,1,2721,2,1,9,2022,3001
10,3,2,12289,5460,268,2,2327,1,2,23,2022,3001
10,2,1,12338,5477,85,2,2347,2,1,27,2020,3001
10,2,1,12338,5477,85,2,2348,3,1,25,2020,3001
11,2,1,13007,5498,181,3,1695,2,2,27,2021,3001
11,2,1,13007,5504,181,3,1848,1,2,23,2021,3001
11,2,1,13007,5504,181,3,1849,2,2,28,2020,3001
11,2,1,13049,5520,91,2,1679,1,2,26,2022,3001
11,2,1,13049,5523,91,3,1694,1,1,30,,3001
11,2,1,13049,5522,91,3,1680,2,1,40,2018,3001
11,2,1,13080,5539,348,3,2339,4,2,24,2023,3001
11,2,1,13080,5539,348,3,2340,5,1,4,2023,3001
11,2,1,13080,5538,348,3,2338,3,2,17,2021,3001
11,2,1,13121,5567,235,3,2485,1,1,19,2018,3001
11,2,1,13121,5567,235,3,2486,2,1,19,2018,3001
11,3,2,13353,5744,159,3,2149,1,2,21,2021,3001
11,2,1,13436,5800,112,3,2328,2,1,43,2020,3001
11,2,1,13436,5801,112,3,2329,3,1,21,2022,3001
11,2,1,13436,5801,112,3,2330,4,2,27,2021,3001
11,2,1,13436,5801,112,3,2331,5,2,17,2022,3001
11,2,1,13436,5802,112,3,2332,6,1,25,2021,3001
11,2,1,13436,5802,112,3,2333,7,2,26,2021,3001
11,2,1,13436,5802,112,3,2334,8,2,24,2022,3001
11,3,2,13470,5833,164,3,2865,3,1,32,2023,3001
11,3,2,13470,5828,164,3,1842,4,1,25,,3001
11,3,2,13470,5828,164,3,1843,5,1,30,2021,3001
12,2,1,13643,5910,901,3,2941,1,1,31,2023,3001
12,3,2,13728,5927,872,2,2952,1,1,19,2020,3001
12,3,2,13870,5969,417,2,2975,8,1,37,2023,3001
12,3,2,13870,5968,417,2,2974,7,1,31,2020,3001
12,3,2,13870,5963,417,3,2953,2,1,31,2021,3001
12,3,2,13994,5992,533,3,2973,6,2,17,2019,3001
12,3,2,13994,5991,533,3,2972,5,1,18,,3001
12,3,2,14215,6034,521,2,2268,2,2,16,2021,3003
12,3,2,14215,6033,521,3,2129,3,1,46,2021,3003
12,3,2,14215,6038,521,3,2960,1,1,17,2021,3001
12,3,2,14385,6079,393,3,2980,5,1,20,2021,3001
12,3,2,14385,6079,393,3,2981,6,2,24,2022,3001
12,3,2,14385,6074,393,2,2947,7,1,17,2022,3001
12,3,2,14385,6080,393,3,2982,7,1,28,,3001
12,3,2,14385,6075,393,2,2948,8,1,19,2021,3001
12,3,2,14520,6105,375,3,1828,1,1,18,,3001
12,3,2,14520,6105,375,3,1829,2,2,22,2021,3001
12,3,2,14520,6105,375,3,1830,3,2,24,2022,3001
12,3,2,14675,6156,525,3,2580,8,2,18,2022,3001
12,3,2,14675,6152,525,3,2576,4,1,21,2022,3001
12,3,2,14675,6152,525,3,2577,5,2,16,2023,3001
12,3,2,14675,6149,525,3,2237,2,2,14,,3001
12,3,2,14675,6149,525,3,2238,3,2,14,2023,3001
12,3,2,14675,6154,525,,2578,6,2,39,2023,3001
12,3,2,14675,6154,525,,2579,7,1,12,2023,
12,3,2,14788,6173,701,3,2660,3,1,27,2021,3001
12,2,1,15079,6233,403,3,2662,5,1,17,,3001
12,2,1,15079,6231,403,3,2661,4,1,19,2021,3001
12,3,2,15233,6271,637,3,2979,4,2,28,2022,3001
12,3,2,15379,6300,514,3,2976,1,1,32,2023,3001
12,3,2,15379,6299,514,3,2944,4,1,20,2023,
12,3,2,15379,6296,514,2,2942,2,1,20,,3001
12,3,2,15379,6296,514,2,2943,3,1,41,2023,
12,3,2,14948,6309,551,3,2658,1,1,38,2019,3001
12,3,2,14948,6309,551,3,2659,2,1,4,2019,3001
13,3,2,15638,6367,1002,2,2261,5,1,15,2018,3001
13,3,2,15769,6398,563,2,2505,1,1,25,2018,3001
13,3,2,15904,6422,810,2,2732,1,1,32,2023,3001
13,3,2,15904,6423,810,2,2754,1,2,15,2020,3001
13,2,1,16082,6463,925,2,1984,1,2,26,2022,3001
13,2,1,16082,6463,925,2,1985,2,1,23,2022,3001
13,3,2,16542,6552,759,3,2058,2,2,20,2023,3001
13,3,2,16542,6552,759,3,2059,3,2,18,2023,3001
13,3,2,16542,6549,759,3,2037,5,2,33,,3001
13,3,2,16701,6581,755,1,2034,2,1,22,2021,3001
13,3,2,16701,6581,755,1,2035,3,1,17,2022,3001
13,3,2,16701,6584,755,1,2057,1,1,18,2021,3001
13,3,2,16701,6583,755,1,2036,4,1,23,2021,3001
13,2,1,16837,6614,945,2,1623,2,1,26,2018,3001
13,2,1,16837,6614,945,2,1624,3,1,16,2018,3001
13,2,1,16837,6614,945,2,1625,4,1,19,2021,3001
13,2,1,16837,6615,945,2,1748,1,1,48,2022,3001
13,3,2,16851,6620,593,2,1668,1,1,35,2020,3001
13,3,2,16851,6620,593,2,1669,2,1,8,2020,3001
13,3,2,16851,6622,593,2,1749,2,1,30,2023,3001
13,3,2,16851,6622,593,2,1750,3,1,10,2023,3001
13,3,2,17027,6668,408,1,1840,2,1,24,2021,3001
13,3,2,17027,6668,408,1,1841,3,1,18,2020,3001
13,3,2,17175,6695,652,2,2243,1,1,40,2018,3001
13,3,2,17175,6695,652,2,2244,2,2,15,2018,3001
13,3,2,17175,6695,652,2,2245,3,2,17,2023,3001
13,3,2,17175,6693,652,2,2191,2,1,14,2023,3001
13,3,2,17175,6693,652,2,2192,3,1,16,2022,3001
14,2,1,17830,6881,200,3,2652,1,1,39,2020,3001
14,3,2,17891,6903,661,2,2366,1,1,17,2022,3001
14,3,2,18044,6948,372,2,1929,1,1,24,2018,3001
14,3,2,18044,6945,372,2,1925,3,1,31,2018,3001
14,3,2,18044,6941,372,2,1866,2,1,34,2020,3001
14,3,2,18044,6941,372,2,1867,3,2,33,2021,3001
14,3,2,18044,6941,372,2,1868,4,2,2,2021,3001
14,3,2,18281,7019,281,1,1972,2,1,23,2022,3001
14,2,1,18294,7026,766,2,2996,1,1,22,2022,3001
14,3,2,18393,7057,380,2,1835,1,1,28,2019,3001
14,3,2,18393,7057,380,2,1836,2,2,8,2019,3001
14,3,2,18619,7112,866,2,1649,1,1,52,2018,3001
14,3,2,18619,7112,866,2,1650,2,1,18,2022,3001
14,3,2,18619,7112,866,2,1651,3,1,16,2022,3001
14,3,2,18619,7111,866,2,1635,1,1,18,2019,3001
14,3,2,18619,7111,866,2,1636,2,2,20,2023,3001
14,3,2,18619,7117,866,2,2136,1,1,19,2018,3001
14,3,2,18619,7117,866,2,2137,2,1,17,2023,3001
14,3,2,18619,7117,866,2,2138,3,1,22,2018,3001
14,3,2,18728,7155,488,1,2310,3,1,24,2020,3001
14,3,2,18728,7157,488,2,2321,1,1,47,2022,3001
14,3,2,18728,7156,488,1,2311,1,2,17,2022,3001
15,2,1,18872,7223,169,2,2995,5,1,24,2022,3001
15,2,1,18872,7216,169,2,2954,1,1,25,2022,3001
15,2,1,18914,7255,166,2,2575,3,1,55,2022,3001
15,2,1,18914,7252,166,3,2549,3,1,28,2020,3001
15,2,1,18989,7320,143,3,2522,1,1,26,2020,3001
15,2,1,18989,7318,143,3,2184,1,2,22,2022,3001
15,3,2,19034,7358,157,3,1798,1,2,25,2020,3001
15,3,2,19034,7358,157,3,1799,2,2,21,2019,3001
15,3,2,19034,7358,157,3,1800,3,2,23,2020,3001
15,3,2,19093,7411,141,2,2185,1,1,30,2022,3001
15,3,2,19131,7434,214,1,2005,3,1,25,2022,3001
15,3,2,19131,7432,214,3,2003,1,1,24,2020,3001
15,3,2,19131,7433,214,2,2004,2,1,19,2021,3001
15,2,1,19206,7500,305,3,1834,1,1,21,2022,3001
15,2,1,19206,7497,305,3,1667,1,1,22,2023,3001
15,3,2,19222,7521,143,3,2994,4,1,27,2022,3001
15,3,2,19222,7518,143,2,2991,1,1,19,2022,3001
15,3,2,19222,7516,143,2,2990,1,1,23,2019,3001
15,3,2,19222,7519,143,3,2992,2,2,17,2023,3001
15,3,2,19222,7519,143,3,2993,3,1,14,2023,3001
15,3,2,19222,7515,143,2,2811,2,2,26,2018,3001
15,2,1,19279,7567,171,2,2068,1,1,38,2019,3001
15,3,2,19287,7576,205,3,2090,1,1,24,2022,3002
15,3,2,19287,7576,205,3,2091,2,1,25,2022,3001
16,2,1,19613,7675,591,2,2849,1,1,39,2022,3001
16,2,1,19613,7680,591,1,2916,3,1,18,2023,3001
16,2,1,19697,7700,486,3,2540,1,1,20,2021,3001
16,3,2,20448,7924,578,2,2566,1,1,17,2022,3001
16,3,2,20448,7924,578,2,2567,2,1,16,2023,3001
16,3,2,20587,7959,971,1,2820,1,1,14,2023,3001
16,3,2,20587,7959,971,1,2821,2,1,11,2023,3001
16,3,2,20587,7959,971,1,2822,3,1,35,2023,3001
16,3,2,20587,7963,971,2,2907,1,1,29,2023,3001
16,3,2,20866,8038,463,1,2301,1,1,35,2023,3001
16,3,2,21004,8051,436,2,2457,1,2,20,2020,3003
17,2,1,21227,8130,437,2,1903,1,1,14,2023,3005
17,2,1,21227,8133,437,3,2725,2,2,18,,3001
17,2,1,21227,8133,437,3,2726,3,1,17,,3001
17,2,1,21227,8132,437,3,2515,1,1,17,,3001
17,3,2,21364,8199,578,3,2723,1,1,17,2020,3001
17,3,2,21364,8196,578,3,2233,4,2,22,2022,3001
17,3,2,21364,8195,578,3,2231,2,1,18,,3001
17,3,2,21364,8195,578,3,2232,3,1,15,2020,3001
17,3,2,21449,8227,350,3,2825,1,1,26,2023,3001
17,3,2,21571,8264,94,2,2568,1,1,24,2022,3001
17,2,1,21642,8309,280,3,2727,4,2,16,2019,3001
17,2,1,21642,8309,280,3,2728,5,1,17,2021,3001
17,2,1,21642,8305,280,3,2028,1,1,27,2023,3001
17,3,2,21786,8383,345,3,2613,4,1,42,2021,3001
17,3,2,21786,8385,345,3,2629,7,1,38,2018,3001
17,3,2,22086,8526,448,3,3004,2,1,26,2021,3001
17,2,1,22134,8551,322,3,2610,1,2,50,,3001
17,2,1,22134,8551,322,3,2611,2,1,31,2023,3001
17,3,2,21509,8579,273,3,2546,1,1,20,2018,3001
17,3,2,21509,8580,273,3,2569,2,1,17,2023,3001
17,3,2,21509,8586,273,3,2826,2,1,32,2021,3001
17,3,2,21509,8586,273,3,2827,3,2,37,2018,3001
17,3,2,21509,8585,273,2,2823,4,1,22,,3001
17,3,2,21509,8585,273,2,2824,5,1,9,,3001
17,3,2,21509,8581,273,3,2572,5,1,17,2023,3001
17,3,2,21717,8594,214,3,2612,3,1,31,2021,3001
17,3,2,21717,8600,214,2,2624,2,1,39,2023,3001
17,3,2,21717,8600,214,2,2625,3,1,16,2021,3001
17,3,2,21717,8600,214,2,2626,4,1,16,2023,3001
18,2,1,22225,8647,226,3,2715,1,1,35,2019,3001
18,2,1,22287,8679,145,3,1992,3,1,16,2022,3001
18,2,1,22287,8679,145,3,1993,4,2,16,2022,3001
18,2,1,22335,8712,210,3,2590,1,1,19,,3001
18,2,1,22335,8712,210,3,2591,2,2,25,,3043
18,3,2,22414,8769,243,3,2930,1,2,13,2021,3001
18,3,2,22414,8769,243,3,2931,2,1,34,2022,3001
18,3,2,22463,8802,194,3,3006,4,1,15,2019,3001
18,2,1,22521,8841,130,3,2387,4,2,35,2023,3001
18,2,1,22521,8841,130,3,2388,5,2,16,2023,3001
18,2,1,22521,8843,130,2,2592,3,1,38,2022,3003
18,2,1,22521,8843,130,2,2593,4,2,32,2022,3003
18,2,1,22521,8843,130,2,2594,5,2,17,2022,3003
18,3,2,22828,9045,151,3,2965,1,1,17,2018,3001
18,3,2,22828,9045,151,3,2966,2,1,18,2018,3001
18,3,2,22878,9072,163,3,2608,2,2,22,2022,3001
18,3,2,22878,9073,163,2,2632,1,1,16,2021,3001
18,3,2,22916,9092,164,3,2443,2,1,17,2022,3001
19,2,1,23028,9158,123,2,1768,1,1,39,2021,3001
19,2,1,23028,9158,123,2,1769,2,1,6,2021,3001
19,2,1,23028,9166,123,3,2616,2,2,19,2021,3007
19,2,1,23028,9166,123,3,2617,3,1,17,2023,3001
19,2,1,23028,9163,123,3,1980,6,2,18,,3001
19,2,1,23028,9161,123,2,1977,3,1,30,2020,3001
19,2,1,23028,9161,123,2,1978,4,1,23,2020,3001
19,2,1,23028,9161,123,2,1979,5,2,20,2022,3001
19,2,1,23155,9257,199,2,2949,1,1,15,2022,3001
19,3,2,23195,9297,88,2,2469,1,1,22,,3001
19,3,2,23195,9293,88,2,2429,1,1,36,2023,3002
19,3,2,23195,9299,88,3,2639,1,1,25,2019,3002
19,3,2,23195,9299,88,3,2640,2,1,24,2020,3002
19,3,2,23195,9299,88,3,2641,3,1,23,2022,3002
19,3,2,23275,9369,176,2,2934,1,1,23,2021,3001
19,3,2,23314,9409,112,3,2078,1,1,16,,3001
19,3,2,23314,9409,112,3,2079,2,1,18,,3001
19,3,2,23314,9418,112,3,2654,2,1,20,2019,3001
19,2,1,23371,9463,105,2,1996,3,1,21,2018,3001
20,2,1,23490,9603,277,3,2448,1,1,20,2021,3001
20,2,1,23490,9604,277,3,2615,1,1,26,2023,3001
20,2,1,23560,9635,273,2,1725,1,2,30,2020,4015
20,2,1,23560,9635,273,2,1726,2,2,17,2022,4015
20,2,1,23560,9635,273,2,1727,3,2,50,2021,3001
20,2,1,23624,9663,157,2,2800,3,1,28,2020,3001
20,2,1,23624,9661,157,1,2724,1,1,18,2021,3001
20,2,1,23624,9669,157,2,2836,3,2,19,2023,3001
20,2,1,23624,9662,157,2,2798,1,1,39,2019,3001
20,2,1,23624,9662,157,2,2799,2,1,17,2021,3001
20,3,2,23689,9706,180,2,2897,1,1,18,2019,3001
20,3,2,23689,9706,180,2,2898,2,1,16,2019,3001
20,3,2,23815,9769,443,3,2643,1,2,40,2019,3001
20,3,2,23815,9770,443,2,2645,2,1,16,2021,3001
20,2,1,23867,9801,176,2,2178,2,1,19,2021,3001
20,3,2,23969,9863,234,3,2601,1,2,18,2022,3001
20,3,2,23969,9863,234,3,2602,2,2,22,2023,3001
20,3,2,24027,9893,142,3,2828,1,2,26,2021,3001
20,3,2,24027,9889,142,2,1822,1,1,14,2018,3001
20,3,2,24027,9889,142,2,1823,2,1,16,2023,3001
20,3,2,24027,9889,142,2,1824,3,2,22,2023,3001
20,3,2,24027,9890,142,3,1825,4,1,16,,3001
20,3,2,24027,9890,142,3,1826,5,1,16,2021,3001
20,3,2,24027,9890,142,3,1827,6,2,22,,3001
20,3,2,24027,9886,142,3,1687,2,1,21,2021,3001
20,2,1,24057,9906,206,3,2357,2,2,20,2021,3001
20,2,1,24057,9906,206,3,2358,3,2,16,2022,3001
20,3,2,24157,9960,177,3,2527,2,1,34,2023,3001
20,3,2,24157,9966,177,3,2938,1,1,17,2020,3001
20,3,2,24157,9966,177,3,2939,2,1,16,2020,3001
21,2,1,24246,10013,159,3,2545,1,2,44,2019,3001
21,2,1,24303,10058,169,2,2780,1,1,17,2019,3001
21,2,1,24303,10058,169,2,2781,2,1,23,2020,3001
21,2,1,24303,10058,169,2,2782,3,2,18,2023,3001
21,2,1,24343,10085,284,1,2912,4,1,17,,3001
21,2,1,24426,10149,240,2,2913,5,1,64,2019,3001
21,2,1,24426,10151,240,3,2914,1,1,24,2022,3001
21,2,1,24426,10151,240,3,2915,2,2,27,2020,3001
21,3,2,24516,10214,211,1,2390,2,1,15,2019,3001
21,3,2,24516,10214,211,1,2391,3,1,22,2023,3001
21,3,2,24516,10211,211,3,2123,1,1,17,,3001
21,3,2,24516,10211,211,3,2124,2,1,22,,3001
21,3,2,24516,10211,211,3,2125,3,1,20,2021,3001
21,3,2,24516,10211,211,3,2126,4,1,22,2022,3001
21,3,2,24579,10256,126,2,2673,7,1,24,2023,
21,2,1,24631,10298,144,2,2940,3,1,24,2022,3001
21,2,1,24631,10294,144,3,2869,1,1,41,2023,3001
21,2,1,24631,10296,144,3,2871,3,2,23,2021,3001
21,2,1,24631,10296,144,3,2872,4,2,26,2021,3001
21,3,2,24636,10309,165,2,2984,1,1,18,,3001
21,3,2,24636,10309,165,2,2985,2,1,20,,3001
21,3,2,24636,10309,165,2,2986,3,1,17,,3001
21,3,2,24636,10304,165,3,2983,1,1,46,2022,3001
21,2,1,24666,10328,315,2,1720,1,2,24,2021,3001
21,2,1,24666,10328,315,2,1721,2,2,27,2023,3001
21,3,2,24698,10358,239,3,2796,1,1,18,,3001
21,3,2,24751,10401,193,2,1950,1,1,17,,3001
21,3,2,24751,10401,193,2,1951,2,2,26,2021,3001
21,3,2,24751,10401,193,2,1952,3,2,26,2023,3001
21,3,2,24751,10401,193,2,1953,4,2,1,2021,3001
21,3,2,24751,10398,193,2,1576,5,1,36,2022,3001
22,2,1,24785,10424,171,3,3002,1,2,42,2019,3001
22,2,1,24785,10422,171,3,2918,5,2,32,,3001
22,2,1,24858,10461,215,2,2587,1,1,14,2020,3001
22,2,1,24858,10455,215,2,2420,2,2,27,2019,3001
22,2,1,24858,10455,215,2,2421,3,1,23,2020,3001
22,2,1,24858,10455,215,2,2422,4,1,16,2020,3001
22,2,1,24858,10458,215,3,2503,2,1,18,2021,3001
22,2,1,24858,10459,215,3,2504,3,1,16,2023,3001
22,2,1,24858,10463,215,3,2717,1,1,17,2021,3001
22,2,1,24858,10462,215,2,2605,1,1,20,2021,3001
22,2,1,24858,10462,215,2,2606,2,2,33,2021,3001
22,2,1,24960,10507,172,3,2099,1,1,18,2019,3001
22,2,1,24960,10512,172,2,2251,1,1,21,2019,3002
22,2,1,25018,10548,147,2,2326,5,2,16,2023,3001
22,2,1,25018,10549,147,2,2595,1,1,17,2021,3001
22,3,2,25082,10585,248,3,2066,7,1,20,2018,3001
22,2,1,25098,10593,196,2,2526,1,1,22,2021,3001
22,2,1,25098,10589,196,3,2055,3,1,17,,3001
22,2,1,25098,10589,196,3,2056,4,2,20,2018,3001
22,3,2,25160,10624,212,3,2490,1,1,26,2021,3001
22,3,2,25283,10697,142,2,1815,5,1,30,2022,3001
22,3,2,25315,10719,228,2,1935,4,1,20,2022,3001
22,3,2,25315,10719,228,2,1936,5,2,27,2023,3001
22,3,2,25315,10719,228,2,1937,6,1,1,2023,3001
22,3,2,25400,10775,148,2,2039,1,2,32,2018,3005
22,3,2,25400,10775,148,2,2040,2,1,30,2023,3001
22,3,2,25612,10892,223,3,2642,4,2,38,2021,3001
22,3,2,25678,10933,217,2,2896,3,1,33,2019,3001
22,3,2,25678,10931,217,3,2894,1,1,35,2020,3001
22,3,2,25678,10932,217,2,2895,2,1,35,2022,3001
1,1,1,169,22,1124,3,4169,1,2,30,2020,3001
1,1,1,2732,409,540,3,3805,1,2,45,2019,3001
1,3,2,3647,536,749,2,3617,4,1,17,2023,3001
1,1,1,3805,577,884,3,4145,2,2,29,2020,3001
1,1,1,3983,606,350,2,3290,1,1,33,2020,3001
2,2,1,5497,922,60,3,3513,1,1,30,2019,3002
2,2,1,5524,962,93,3,3741,1,1,27,2023,3001
2,3,2,5553,989,92,2,4158,1,2,33,2019,3003
2,2,1,5595,1055,68,3,4177,1,1,31,2022,3001
2,2,1,5595,1051,68,3,4163,1,1,55,2020,3001
2,3,2,5700,1235,83,2,3222,3,1,24,2022,3001
2,2,1,5727,1276,51,3,3665,1,2,48,2018,3001
2,3,2,5752,1305,204,3,3541,1,2,22,2019,3001
2,3,2,5752,1305,204,3,3542,2,2,26,2020,3001
2,3,2,5752,1305,204,3,3543,3,2,22,2022,3001
3,2,1,6111,1751,158,2,3417,2,1,45,2022,3001
3,2,1,6111,1750,158,3,3313,1,1,27,2022,3001
3,2,1,6361,2065,106,2,4093,1,1,21,2020,3001
3,2,1,6361,2065,106,2,4094,2,1,25,2023,3002
3,2,1,6361,2060,106,2,3784,1,1,45,2020,
4,2,1,6419,2103,534,3,3739,1,2,25,,3001
4,3,2,6566,2185,454,3,3951,1,1,34,2022,3001
4,3,2,6690,2264,314,2,3344,1,1,33,2021,3001
4,3,2,6781,2308,667,2,4170,1,1,20,,3001
4,3,2,6781,2308,667,2,4171,2,1,18,2019,3001
4,2,1,6929,2393,312,3,3740,2,1,20,2021,3007
5,2,1,7333,2618,318,3,4081,1,2,58,2023,3001
5,2,1,7333,2615,318,2,4017,2,1,22,2022,3001
5,2,1,7333,2615,318,2,4018,3,2,27,2022,3001
5,2,1,7333,2613,318,3,4016,1,1,17,2022,3001
5,2,1,7393,2650,479,3,4114,1,1,26,2020,3001
5,3,2,7755,2831,206,2,4174,1,1,24,2023,3001
5,2,1,7907,2921,273,2,3765,1,1,23,2023,3001
5,2,1,7998,2967,249,3,3551,1,1,22,2022,3003
5,3,2,8154,3032,543,3,3735,1,1,27,2022,3001
5,2,1,8254,3082,155,3,3669,2,1,30,2022,3001
5,2,1,8254,3082,155,3,3670,3,2,32,2023,3001
5,2,1,8426,3168,271,3,4110,1,1,16,2021,3001
5,3,2,8587,3257,188,3,3254,7,1,17,2021,3001
5,3,2,8587,3256,188,3,3253,6,1,33,2022,3001
6,2,1,8657,3308,435,2,4131,4,1,18,2022,3001
6,3,2,8838,3408,289,2,3411,1,1,16,2022,3001
6,3,2,8838,3405,289,2,3346,1,1,17,2023,3001
6,3,2,8969,3494,231,2,3236,1,1,45,2020,3001
6,3,2,8969,3494,231,2,3237,2,2,27,,3001
6,2,1,8996,3514,205,2,3807,1,1,19,2023,3001
6,2,1,9041,3533,436,2,3753,1,1,55,2019,3001
6,2,1,9258,3666,328,2,3684,2,1,17,2021,3001
6,2,1,9258,3666,328,2,3685,3,1,18,2023,3001
6,3,2,9309,3694,648,3,3906,1,1,33,2019,3001
7,2,1,9333,3697,464,3,4156,2,1,34,,3001
7,2,1,9366,3705,284,3,4205,2,1,18,2018,3001
7,2,1,9394,3719,102,3,4208,1,1,28,,3001
7,3,2,9579,3815,352,3,3309,1,1,14,2019,3001
7,3,2,9645,3843,326,2,3651,1,1,16,2018,3001
7,3,2,9645,3843,326,2,3652,2,1,15,2019,3001
7,3,2,9645,3841,326,3,3499,5,2,24,2022,3001
7,2,1,9738,3914,344,3,4060,1,1,25,2021,3001
7,2,1,9794,3950,220,3,3743,1,1,24,2020,3001
7,2,1,9808,3960,279,1,3881,2,1,25,2021,3001
7,2,1,9902,4018,303,3,3321,1,1,16,2021,3001
8,2,1,10204,4155,340,3,4213,2,1,32,2021,3001
8,2,1,10204,4155,340,3,4214,3,1,30,2019,3001
8,2,1,10276,4199,195,3,3902,1,1,20,2022,3001
8,2,1,10442,4281,264,2,4124,1,1,19,2019,3001
8,2,1,10442,4281,264,2,4125,2,1,17,2023,3001
8,2,1,10442,4281,264,2,4126,3,2,20,2020,3001
8,2,1,10442,4285,264,1,4133,1,2,35,2018,3001
9,2,1,10936,4503,388,2,3248,1,2,21,2022,3001
9,2,1,10936,4503,388,2,3249,2,2,17,2022,3001
9,2,1,10936,4503,388,2,3250,3,2,17,2021,3001
9,2,1,11031,4548,352,3,3181,1,1,17,2020,3001
9,2,1,11031,4548,352,3,3182,2,1,18,2021,3001
9,2,1,11108,4570,404,3,3776,2,1,31,2018,3001
9,3,2,11156,4584,573,3,3974,4,1,28,2019,3001
9,3,2,11156,4583,573,3,3968,1,2,32,2020,3001
9,3,2,11156,4583,573,3,3969,2,2,28,2018,3001
9,3,2,11156,4583,573,3,3970,3,2,14,2018,3001
9,3,2,11244,4610,513,2,4053,5,1,18,2018,3001
9,3,2,11244,4610,513,2,4054,6,1,17,2019,3001
9,3,2,11244,4609,513,3,4050,2,1,19,2019,3001
9,3,2,11244,4609,513,3,4051,3,2,20,2018,3001
9,3,2,11244,4609,513,3,4052,4,2,25,2019,3001
9,2,1,11267,4613,284,2,4212,1,1,19,2019,3001
9,2,1,11287,4625,282,3,4215,4,2,17,2022,3001
9,2,1,11287,4625,282,3,4216,5,1,17,2019,3001
9,2,1,11287,4626,282,2,4217,6,2,18,2021,3001
9,3,2,11376,4655,453,2,3811,2,1,31,2023,3001
9,3,2,11376,4650,453,3,3736,1,1,22,2020,3001
9,3,2,11376,4652,453,3,3737,2,1,17,2019,3001
9,3,2,11376,4656,453,3,3812,3,1,14,2019,3001
9,3,2,11479,4700,641,3,3190,1,1,32,2018,3001
9,3,2,11479,4702,641,3,3243,1,1,19,2023,3001
9,2,1,11612,4745,372,3,3529,1,1,31,2021,3001
9,2,1,11612,4744,372,2,3526,1,1,26,2022,3001
9,2,1,11774,4802,276,3,4006,1,2,45,2018,3001
9,2,1,11774,4802,276,3,4007,2,2,40,2020,3001
9,3,2,11960,4878,306,2,3266,2,2,21,2021,3001
9,3,2,11960,4878,306,2,3267,3,1,19,2019,3001
9,3,2,11960,4879,306,3,3279,1,1,27,2019,3001
9,2,1,12018,4899,308,3,3316,1,1,22,2023,3001
9,2,1,12018,4899,308,3,3317,2,2,24,2023,3001
9,2,1,12018,4905,308,2,3539,1,1,20,2022,3001
9,2,1,12018,4900,308,3,3355,3,2,20,2022,3001
9,2,1,12074,4936,330,3,3810,1,1,20,,3001
10,2,1,12236,5016,288,3,3441,4,1,38,2019,3001
10,2,1,12236,5016,288,3,3442,5,2,16,2019,3001
10,2,1,12236,5016,288,3,3443,6,1,14,2019,3001
10,2,1,12236,5016,288,3,3444,7,2,35,2019,3001
10,2,1,12236,5016,288,3,3445,8,1,36,2019,3001
10,2,1,12236,5009,288,3,3021,1,2,16,,3001
10,2,1,12236,5015,288,3,3386,8,1,31,2020,3001
10,2,1,12236,5014,288,2,3384,6,2,24,2022,3001
10,2,1,12236,5014,288,2,3385,7,1,6,2022,3001
10,3,2,12301,5047,309,3,3538,2,1,25,,3001
10,2,1,12361,5063,509,2,3898,1,1,19,2020,3001
10,3,2,12435,5112,350,3,3713,1,1,34,2021,3001
10,3,2,12485,5135,430,2,3809,1,1,33,2023,3001
10,3,2,12485,5133,430,3,3792,3,1,24,2023,3001
10,3,2,12542,5175,226,3,3789,2,2,21,2022,3001
10,3,2,12635,5221,79,2,4071,1,1,48,2022,3001
10,3,2,12681,5263,221,2,4073,1,1,40,2023,3001
10,2,1,12844,5348,200,3,3683,1,1,20,2021,3001
10,3,2,12919,5398,272,2,4104,1,2,17,2023,3001
10,3,2,12919,5398,272,2,4105,2,2,15,2023,3001
10,2,1,12958,5424,141,2,3307,1,1,40,2023,3003
10,3,2,12985,5452,219,3,3319,4,1,32,2022,3001
10,3,2,12985,5449,219,3,3261,1,2,19,2018,3001
10,3,2,12985,5449,219,3,3262,2,2,16,2019,3001
10,3,2,12985,5449,219,3,3263,3,1,22,2021,3001
10,3,2,12985,5449,219,3,3264,4,1,18,2022,3001
10,3,2,12351,5491,145,3,3946,1,1,23,2020,3001
11,2,1,13134,5577,238,2,4030,2,2,18,2019,3001
11,2,1,13134,5577,238,2,4031,3,1,17,2018,3001
11,2,1,13146,5586,146,3,3879,5,1,16,2021,3001
11,2,1,13201,5616,209,2,3907,1,2,28,,3001
11,3,2,13273,5675,145,3,3985,1,1,26,2023,
11,3,2,13318,5715,191,3,3986,1,1,36,2023,3001
11,3,2,13384,5767,413,3,4078,1,2,30,,3001
11,3,2,13415,5788,218,3,4029,1,1,17,2023,3001
11,3,2,13415,5786,218,3,3923,1,1,22,2022,3001
11,3,2,13415,5786,218,3,3924,2,1,19,2023,3001
11,3,2,13415,5786,218,3,3925,3,2,17,2020,3001
11,3,2,13481,5841,287,3,3246,2,1,24,2021,3001
11,3,2,13481,5841,287,3,3247,3,2,26,2023,3001
11,3,2,13481,5839,287,3,3245,1,1,39,2022,3001
11,2,1,13489,5849,150,3,3848,2,2,23,2021,3001
11,2,1,13489,5849,150,3,3849,3,2,4,2021,3001
12,2,1,13670,5916,540,,3139,2,2,19,2023,3007
12,3,2,13754,5936,884,3,3376,1,2,17,2018,3001
12,3,2,13754,5936,884,3,3377,2,2,20,2018,3001
12,3,2,13754,5936,884,3,3378,3,2,6,2021,3001
12,3,2,13754,5938,884,2,4086,1,2,26,2018,3003
12,3,2,13901,5976,714,3,4178,1,1,17,2021,3001
12,3,2,13901,5976,714,3,4179,2,1,15,2021,3001
12,3,2,14289,6055,661,2,3836,1,1,18,2021,3003
12,3,2,14289,6055,661,2,3837,2,2,20,2019,3003
12,3,2,14414,6087,672,3,4180,3,2,27,2022,3001
12,3,2,14414,6087,672,3,4181,4,2,24,2022,3001
12,3,2,14414,6087,672,3,4182,5,2,19,2018,3001
12,3,2,14414,6087,672,3,4183,6,1,22,2021,3001
12,3,2,14414,6084,672,3,4154,7,1,38,2019,3001
12,3,2,14704,6162,804,2,3659,1,1,21,2022,3001
12,3,2,14704,6159,804,3,3544,1,1,16,2021,3001
12,3,2,14704,6159,804,3,3545,2,2,16,,3001
12,3,2,15128,6245,778,1,3950,1,1,33,2021,3001
12,3,2,15282,6276,769,3,4184,7,2,17,2023,3001
12,3,2,15282,6273,769,3,4109,1,1,17,2023,3001
12,3,2,14974,6311,448,2,3672,1,1,19,2022,3001
13,2,1,15504,6339,1353,2,3480,1,1,35,,3001
13,3,2,15806,6403,414,1,4061,2,1,17,2023,3001
13,3,2,16128,6473,862,3,3828,1,1,40,2022,3003
13,2,1,16172,6476,621,3,4013,5,1,16,2021,3001
13,2,1,16172,6475,621,2,4012,4,1,44,2020,3001
13,3,2,16270,6504,579,3,3511,1,1,17,2021,3001
13,3,2,16270,6504,579,3,3512,2,2,23,2022,3001
13,2,1,16362,6524,848,3,4059,1,1,31,2021,3001
13,2,1,16428,6536,242,3,4162,1,1,33,2020,3001
13,2,1,16428,6533,242,2,4023,1,1,28,2018,3001
13,3,2,16428,6527,242,3,3770,3,1,24,2020,3001
13,3,2,16428,6527,242,3,3771,4,2,23,2020,3001
13,3,2,16428,6531,242,2,4009,1,2,36,2022,3001
13,3,2,16428,6531,242,2,4010,2,2,32,2022,3001
13,3,2,16576,6556,712,3,3746,1,1,18,2019,3001
13,2,1,16737,6590,735,2,3142,1,1,22,2021,3001
13,2,1,16979,6649,882,2,3829,2,1,23,2021,3001
13,2,1,16979,6649,882,2,3830,3,1,17,2022,3001
13,2,1,16979,6652,882,2,3831,4,1,15,2022,3001
13,3,2,17062,6673,743,1,3563,1,2,17,2021,3001
13,3,2,17211,6704,425,2,3732,1,1,17,2020,3001
13,3,2,15669,6725,406,3,3120,1,1,35,2021,3001
13,3,2,15669,6725,406,3,3121,2,2,34,2021,3001
13,3,2,15669,6725,406,3,3122,3,2,9,2021,3001
13,3,2,15669,6725,406,3,3123,4,1,1,2021,3001
13,3,2,15669,6724,406,3,3108,5,1,16,,3001
13,3,2,15669,6724,406,3,3109,6,1,16,,3001
13,3,2,15669,6724,406,3,3110,7,1,18,,3001
13,3,2,15669,6724,406,3,3111,8,1,15,2018,3001
13,3,2,15669,6728,406,3,3337,1,1,17,2018,3001
13,3,2,15669,6728,406,3,3338,2,2,22,2019,3001
13,3,2,15669,6721,406,2,3058,1,1,26,2023,3001
13,3,2,15669,6721,406,2,3059,2,1,35,2023,3001
13,3,2,15669,6723,406,3,3097,1,1,20,,3001
14,2,1,17400,6757,534,3,3414,4,1,10,,3001
14,2,1,17400,6757,534,3,3415,5,1,39,,
14,3,2,17525,6796,554,3,3305,1,2,15,,3001
14,3,2,17525,6796,554,3,3306,2,2,12,2022,3001
14,3,2,17525,6793,554,3,3183,1,1,17,2022,3001
14,2,1,17630,6822,961,2,3562,2,1,40,2021,
14,3,2,17925,6906,461,3,4008,3,1,19,2019,3001
14,2,1,17970,6922,426,3,3899,1,1,21,2022,3001
14,2,1,17970,6925,426,2,4040,1,1,30,2021,3001
14,3,2,18059,6954,429,3,3954,1,1,20,2019,3001
14,3,2,18059,6950,429,3,3063,1,1,18,2019,3001
14,3,2,18311,7034,509,2,3772,5,1,17,2021,3001
14,3,2,18311,7036,509,2,3889,1,1,18,2018,
14,3,2,18311,7036,509,2,3890,2,1,20,,3001
14,3,2,18311,7036,509,2,3891,3,1,18,2018,3001
14,3,2,18417,7064,639,2,4147,1,1,35,2021,3001
14,2,1,18633,7126,551,2,3783,4,1,31,2018,3001
14,2,1,18633,7123,551,2,3460,3,1,30,2022,3001
14,3,2,18662,7137,487,2,3482,1,2,42,2020,3003
14,3,2,18751,7168,491,2,3782,3,2,33,2019,3001
14,3,2,18751,7166,491,2,3781,2,1,21,2019,3001
14,3,2,18751,7163,491,3,3163,2,2,17,,3001
14,3,2,18751,7163,491,3,3164,3,1,26,2023,3001
14,3,2,18751,7163,491,3,3165,4,2,20,2023,3001
15,2,1,18882,7233,139,3,4106,1,2,14,2023,3001
15,2,1,18882,7233,139,3,4107,2,2,16,2023,3001
15,2,1,18882,7226,139,2,3900,1,1,28,2023,3001
15,2,1,18882,7228,139,3,3901,1,2,45,2020,
15,3,2,18943,7278,108,2,3804,1,1,19,2023,3001
15,2,1,18998,7325,241,3,3456,1,1,24,2023,4015
15,3,2,19005,7332,142,1,3720,4,1,34,2023,3001
15,3,2,19005,7336,142,2,3725,1,1,24,2020,3001
15,3,2,19101,7420,237,3,3918,1,1,23,2021,3001
15,3,2,19101,7420,237,3,3919,2,1,17,2021,3001
15,3,2,19101,7420,237,3,3920,3,1,29,2021,3001
15,3,2,19101,7418,237,2,3726,2,1,23,2021,3001
15,3,2,19140,7441,133,2,3285,1,1,35,2021,3001
15,3,2,19140,7442,133,2,3286,2,1,44,2019,3001
15,3,2,19186,7481,96,2,3302,1,1,20,2021,3001
15,3,2,19186,7485,96,2,3489,1,2,28,2022,4015
15,2,1,19232,7534,379,3,4128,1,1,23,2022,3001
15,2,1,19232,7534,379,3,4129,2,1,6,2022,3001
15,2,1,19232,7534,379,3,4130,3,2,2,2022,3001
15,3,2,19247,7540,328,1,4070,2,1,29,2023,3001
15,3,2,19296,7585,276,1,3534,3,1,21,2022,3001
15,3,2,19336,7611,485,1,3481,1,1,24,2021,3001
16,2,1,19644,7681,736,3,3459,2,1,16,2019,3001
16,3,2,20116,7832,456,3,4186,1,1,25,2022,3001
16,3,2,20253,7862,432,2,3691,1,1,14,2021,3001
16,3,2,20362,7897,607,1,3687,2,1,18,2020,3001
16,3,2,20621,7965,412,2,4002,1,1,30,2023,3001
17,2,1,21278,8162,478,2,3612,1,2,22,2021,
17,2,1,21278,8162,478,2,3613,2,2,3,2021,
17,3,2,21379,8204,259,3,3604,1,1,23,2020,3001
17,3,2,21379,8204,259,3,3605,2,2,17,2023,3001
17,3,2,21379,8204,259,3,3606,3,2,24,2023,3001
17,2,1,21401,8214,267,3,3446,1,1,25,2019,3003
17,3,2,21464,8236,272,2,4141,7,2,23,2023,3001
17,3,2,21464,8231,272,1,3851,1,1,31,2023,3001
17,2,1,21586,8270,245,3,3852,2,2,27,2022,3001
17,2,1,21586,8271,245,3,3853,3,2,23,2022,3001
17,2,1,21623,8294,197,3,4190,1,2,26,2023,3001
17,2,1,21623,8295,197,3,4191,2,1,17,2023,3001
17,2,1,21623,8295,197,3,4192,3,2,18,2023,3001
17,2,1,21623,8292,197,2,3610,1,2,29,2018,3001
17,2,1,21623,8292,197,2,3611,2,2,10,2018,3001
17,3,2,21817,8403,347,3,4176,1,1,28,2021,3001
17,3,2,21817,8401,347,3,4113,2,2,14,2019,3001
17,3,2,21875,8423,277,3,3854,4,2,30,2023,3001
17,3,2,21875,8423,277,3,3855,5,1,11,2023,3001
17,2,1,21999,8478,228,2,4098,1,1,26,2021,
17,2,1,22081,8517,180,3,4077,1,1,11,,3001
18,2,1,22262,8669,139,3,3730,1,2,25,2022,3001
18,2,1,22262,8669,139,3,3731,2,1,28,2022,3001
18,2,1,22262,8672,139,3,3822,1,1,25,2020,3001
18,2,1,22296,8688,205,3,3699,1,1,44,2020,
18,2,1,22348,8717,237,2,3550,1,1,18,2022,3001
18,2,1,22348,8720,237,2,3657,1,2,32,2023,3001
18,2,1,22379,8746,137,2,3979,1,2,26,2020,4019
18,2,1,22379,8743,137,3,3486,1,1,22,,3001
18,2,1,22379,8743,137,3,3487,2,2,20,,3001
18,2,1,22379,8743,137,3,3488,3,2,19,,
18,3,2,22388,8752,237,3,3177,1,1,20,2022,3001
18,3,2,22600,8910,241,3,3507,2,1,30,2023,3001
18,3,2,22600,8908,241,3,3479,2,1,30,2019,3001
18,2,1,22612,8918,305,3,3978,1,1,30,2019,3002
18,3,2,22735,8985,833,3,3767,1,1,36,2020,3002
18,3,2,22735,8988,833,3,4033,2,1,22,2021,3002
18,3,2,22748,8994,362,2,4096,1,1,28,2023,3002
18,2,1,22802,9028,175,2,3625,3,1,35,,3001
19,2,1,22951,9113,159,3,4027,2,2,25,,3002
19,2,1,22951,9113,159,3,4028,3,1,45,,3001
19,2,1,23081,9191,114,3,3331,1,2,38,2023,3001
19,2,1,23084,9194,130,3,3268,4,2,30,2023,3001
19,2,1,23084,9194,130,3,3269,5,1,7,2023,3001
19,2,1,23084,9197,130,3,3303,2,1,35,2020,3001
19,3,2,23135,9240,163,3,3752,5,1,30,2023,3001
19,3,2,23135,9237,163,3,3536,1,1,23,,3001
19,2,1,23164,9265,184,3,4032,1,2,45,2023,3001
19,3,2,23203,9302,67,3,4004,1,2,20,2019,3001
19,3,2,23203,9302,67,3,4005,2,1,14,2020,3001
19,3,2,23203,9304,67,2,4144,1,1,16,2022,3001
19,3,2,23281,9378,92,3,3525,1,1,22,,3001
19,2,1,23334,9439,165,2,3997,1,2,29,2023,3001
19,2,1,23334,9439,165,2,3998,2,2,23,2023,3001
19,2,1,23334,9439,165,2,3999,3,2,6,2023,3001
19,2,1,23334,9439,165,2,4000,4,2,5,2023,3001
20,3,2,23771,9746,326,3,3399,1,2,15,2021,3001
20,3,2,23771,9747,326,2,3403,1,1,36,2020,
20,3,2,23771,9749,326,3,3453,1,1,15,2019,3001
20,3,2,23771,9749,326,3,3454,2,1,17,2019,3001
20,3,2,23830,9781,273,2,3862,1,1,15,2019,3001
20,3,2,23830,9781,273,2,3863,2,1,20,2020,3001
20,3,2,23830,9781,273,2,3864,3,1,19,2021,3001
20,3,2,23830,9781,273,2,3865,4,1,15,2022,3001
20,3,2,23830,9780,273,3,3785,1,1,18,2021,3001
20,3,2,23830,9780,273,3,3786,2,2,16,2021,3001
20,3,2,23830,9775,273,3,3430,1,1,25,2023,3001
20,3,2,23890,9819,216,1,3508,1,1,33,2023,3001
20,3,2,23890,9821,216,2,3535,1,1,48,2022,3001
20,2,1,23924,9836,390,3,4127,1,1,22,2021,3001
20,3,2,24041,9900,142,3,3975,1,2,41,2022,3001
20,3,2,24041,9902,142,3,3976,2,1,32,2019,3001
20,3,2,24041,9897,142,3,3939,1,1,28,2023,3001
20,3,2,24041,9897,142,3,3940,2,1,23,2023,3001
20,3,2,24099,9942,266,3,3932,1,1,20,2019,3001
21,2,1,24215,9998,143,3,4099,1,2,25,,3001
21,2,1,24314,10064,198,1,3391,1,1,26,2019,3001
21,2,1,24314,10068,198,2,3596,1,1,30,2019,3001
21,2,1,24314,10068,198,2,3597,2,1,11,2019,3001
21,2,1,24354,10088,171,1,3590,1,1,18,2022,3001
21,2,1,24398,10125,118,2,3748,1,1,32,,3001
21,2,1,24398,10125,118,2,3749,2,1,15,2021,3001
21,2,1,24437,10154,186,2,3367,1,1,28,2019,3001
21,2,1,24437,10160,186,1,3473,1,1,16,2023,3001
21,3,2,24526,10222,148,3,3758,2,2,25,2021,3001
21,3,2,24526,10226,148,2,4014,1,1,19,2019,3001
21,3,2,24526,10226,148,2,4015,2,1,38,,3001
21,2,1,24560,10240,291,2,3764,1,1,25,2022,3001
21,3,2,24588,10265,173,3,3808,1,1,16,2019,3001
21,3,2,24722,10380,149,3,3220,1,1,20,2018,3001
21,3,2,24722,10383,149,3,3310,1,2,24,2023,3001
21,3,2,24722,10375,149,3,3053,1,1,29,2019,3001
21,3,2,24722,10375,149,3,3054,2,2,7,2019,3001
21,3,2,24722,10377,149,3,3178,2,1,25,2023,3001
21,3,2,24761,10406,305,2,3071,1,1,43,2021,3001
21,3,2,24761,10405,305,3,3055,3,1,15,2023,3001
22,2,1,24870,10470,201,2,3987,1,1,34,2022,3001
22,2,1,25108,10602,210,2,3496,2,1,2,,3001
22,2,1,25108,10602,210,2,3497,3,1,20,2023,3001
22,2,1,25108,10601,210,1,3495,1,1,23,2022,3001
22,3,2,25172,10633,408,2,3517,1,1,16,,3001
22,3,2,25172,10633,408,2,3518,2,1,37,,3001
22,2,1,25248,10673,194,3,3251,4,2,30,2021,3001
22,2,1,25335,10734,195,3,3647,1,1,19,2021,3001
22,2,1,25335,10730,195,3,3632,1,1,17,2019,3001
22,2,1,25335,10730,195,3,3633,2,1,37,2023,3001
22,3,2,25385,10766,285,2,3643,1,1,15,2022,3001
22,3,2,25385,10765,285,2,3634,3,1,31,2021,3001
22,3,2,25385,10765,285,2,3635,4,1,15,2022,3001
22,3,2,25385,10768,285,2,3644,2,1,24,2023,3001
22,3,2,25441,10796,322,3,4122,1,1,12,2021,3001
22,3,2,25441,10793,322,2,4116,1,1,15,2018,3001
22,3,2,25441,10793,322,2,4117,2,2,26,2021,3001
22,3,2,25441,10793,322,2,4118,3,1,22,2021,3001
22,3,2,25441,10793,322,2,4119,4,2,1,2021,3001
22,3,2,25578,10874,274,1,4153,6,1,18,2020,3001
22,3,2,25696,10942,176,3,3640,2,1,28,2022,3002
22,3,2,25696,10945,176,3,3678,1,1,27,2020,3001
22,3,2,25696,10947,176,3,3679,2,1,21,2019,3001
22,3,2,25696,10947,176,3,3680,3,1,17,2021,3001
